1%;2;3;4;5;6;7;8;9;10;10. Jan
 -0.02533960; -0.05312569; -0.04128673; -0.00931184; -0.03808768; -0.01927154; -0.03438904; -0.02420406; -0.09017361; -0.04603957; -0.02069996
 -0.07702002; -0.04180335; -0.02554776; -0.03168373; -0.02841974; -0.01547182; -0.03352329; -0.03593556; -0.02694952; -0.05522334;  0.02179668
 -0.01490488; -0.00176194;  0.02513460; -0.00139193;  0.00414309;  0.00056127;  0.00065146;  0.00737232;  0.00350789; -0.00462766;  0.01027722
  0.12950939;  0.11426271;  0.09928119;  0.05634962;  0.07199732;  0.08100009;  0.08604674;  0.09768194;  0.13328285;  0.13898407;  0.00947468
  0.05509530;  0.03725774;  0.03770797;  0.01348401;  0.02519582;  0.00448608;  0.01562543;  0.02745435;  0.02325311;  0.03813169; -0.01696361
 -0.00546801;  0.01495210;  0.00457535;  0.02295346;  0.00893796;  0.03259836;  0.02432258;  0.00102968; -0.00164494; -0.00573926; -0.00027125
 -0.01866423; -0.04437784; -0.02406600; -0.01172829; -0.00994038;  0.00841328; -0.02959949; -0.02775724; -0.04053709; -0.05483826; -0.03617403
  0.00997166;  0.01275187;  0.00307339;  0.01844150;  0.01266842;  0.01911919;  0.01811801;  0.03302391;  0.02762341;  0.01567856;  0.00570690
  0.07626541;  0.04341898;  0.02655761;  0.03092355;  0.04466175;  0.02672609;  0.05421305;  0.04660786;  0.05094884;  0.08571405;  0.00944864
  0.01632166; -0.00465694; -0.03060257;  0.02941430;  0.01261467;  0.01061576;  0.03181452;  0.01499743;  0.00063810;  0.01515997; -0.00116169
  0.08982136;  0.06355233;  0.07018578;  0.05762288;  0.04875762;  0.07082885;  0.02096765;  0.05050655;  0.05652422;  0.08111135; -0.00871002
 -0.03942784; -0.00383588; -0.03516087; -0.04085847; -0.04131569; -0.03394490; -0.03022248; -0.03687200; -0.04936093; -0.02731688;  0.01211096
 -0.03656413;  0.00367993; -0.02840634; -0.00176248;  0.00669300; -0.00418817; -0.00878848; -0.00677888; -0.02443143; -0.01180588;  0.02475826
 -0.12890957; -0.09396011; -0.04290186; -0.05928966; -0.05033374; -0.03590917; -0.03427187; -0.04487504; -0.06116007; -0.07095756;  0.05795202
  0.02568083;  0.04827509;  0.04681855;  0.03754667;  0.02807359;  0.04319929;  0.03199633;  0.01258549;  0.01376618;  0.00924285; -0.01643798
 -0.00540730;  0.01616002;  0.03212033;  0.01031698;  0.04181104;  0.00484209;  0.01168066;  0.03415157;  0.00173233;  0.01774223;  0.02314952
 -0.01456407;  0.01936870;  0.00153601;  0.01966197; -0.00359930;  0.00180258;  0.01065896; -0.00498808;  0.00033946; -0.00129648;  0.01326759
 -0.13960053; -0.09617580; -0.02292563; -0.07577147; -0.05965610; -0.07094826; -0.05959583; -0.05138741; -0.08699236; -0.08188651;  0.05771402
 -0.13036355; -0.08934764; -0.05488393; -0.07327474; -0.04609722; -0.06867065; -0.05768691; -0.06270745; -0.06695395; -0.09252906;  0.03783449
  0.07333046;  0.06705611;  0.06872727;  0.05965671;  0.03876623;  0.03265028;  0.03232465;  0.05134704;  0.04553828;  0.07046231; -0.00286815
 -0.03098678; -0.04626102; -0.01277532; -0.02244954; -0.04183084; -0.04312684; -0.01439067; -0.01424603; -0.02449366; -0.01614765;  0.01483913
  0.11482110;  0.04882165;  0.05409346;  0.04663634;  0.04310322;  0.05844097;  0.03372180;  0.07102380;  0.06686049;  0.05639230; -0.05842879
 -0.06657504; -0.02697685; -0.02614702; -0.03238238; -0.02150300; -0.04696150; -0.03584703; -0.04044488; -0.02771339; -0.03954621;  0.02702882
 -0.07918621; -0.02867520;  0.00431485; -0.01730032; -0.02124354; -0.01607516; -0.02272219; -0.01375841; -0.04660142; -0.04210629;  0.03707992
 -0.10179607; -0.09020171; -0.09473138; -0.07250539; -0.07683447; -0.04063198; -0.08889012; -0.08091932; -0.06820350; -0.07862849;  0.02316757
  0.10086695;  0.03882839;  0.05627142;  0.04922133;  0.06739438;  0.07311416;  0.06648971;  0.07316012;  0.02533683;  0.03947395; -0.06139299
 -0.02628709; -0.00852312; -0.00755767; -0.00694682; -0.01709789;  0.01057170;  0.01794688;  0.01743959; -0.00299114; -0.02276036;  0.00352673
 -0.19009868; -0.12537501; -0.09880316; -0.10394047; -0.08269963; -0.09016978; -0.10782147; -0.07897295; -0.08448038; -0.14955939;  0.04053929
 -0.02485934; -0.06109342; -0.05386641; -0.05981908; -0.07334783; -0.05323133; -0.03683398; -0.05601220; -0.08992692; -0.10032119; -0.07546185
 -0.05880033; -0.04907893; -0.05824205; -0.06906262; -0.03683508; -0.06166046; -0.03854988; -0.03730925; -0.03962050; -0.09375814; -0.03495781
  0.07347444;  0.09654533;  0.08409442;  0.03705203;  0.07425492;  0.10118084;  0.08970924;  0.07163584;  0.07835107;  0.07416098;  0.00068655
  0.08384695;  0.03504977;  0.03206085;  0.05865816;  0.04396566;  0.03532209;  0.06372394;  0.06325614;  0.05404606;  0.08529501;  0.00144807
  0.10551400;  0.06123613;  0.03644809;  0.06816694;  0.04397223;  0.00310243;  0.04008987;  0.00720873;  0.05445095;  0.08994959; -0.01556441
 -0.03959001; -0.02049813;  0.00107235; -0.00346900; -0.00385594; -0.02618127; -0.00649504; -0.02069460; -0.01667911; -0.05486410; -0.01527409
  0.03858480;  0.06223539;  0.04957038;  0.04826918;  0.05811186;  0.06354743;  0.04976622;  0.06748873;  0.03548269;  0.03278429; -0.00580052
  0.01832135;  0.05413208;  0.06539047;  0.05138096;  0.06293383;  0.06988818;  0.05205993;  0.06781233;  0.05854265;  0.06935438;  0.05103302
  0.12383431;  0.06638150;  0.04487424;  0.02232125;  0.02547860;  0.05618088;  0.05137737;  0.07704086;  0.07330975;  0.07180907; -0.05202525
  0.02719898;  0.01209146;  0.02148699;  0.01014173;  0.02849174; -0.00879963;  0.01370539;  0.01683893;  0.02218744;  0.00697570; -0.02022328
  0.03081297;  0.05853853;  0.05024008;  0.03053286;  0.04394180;  0.01816101;  0.03814915;  0.04752048;  0.05362717;  0.04870626;  0.01789328
  0.04030960;  0.04547285;  0.04116120;  0.01253779;  0.01981165;  0.02718949;  0.06615732;  0.05291476;  0.03953389;  0.06834189;  0.02803229
 -0.05203823; -0.03557034; -0.03358328; -0.02532679; -0.03942637; -0.05621201; -0.03402759; -0.03416417; -0.01572926; -0.04573659;  0.00630164
  0.01169205;  0.01242288;  0.00210175;  0.03244086; -0.01187301;  0.01006150; -0.00709835;  0.00215091;  0.02190774; -0.02721952; -0.03891157
 -0.06252500; -0.02332403; -0.03891644; -0.04950564; -0.03387246; -0.03000349; -0.05347449; -0.04189237; -0.04111699; -0.06434760; -0.00182260
  0.04717170;  0.05421677;  0.04962895;  0.03105538;  0.03413703;  0.01039524;  0.06324580;  0.03890470;  0.05178177;  0.07211948;  0.02494777
 -0.00264272; -0.00236969; -0.01033699; -0.01233322;  0.00387213; -0.00933188; -0.00893443; -0.00800651; -0.00552832;  0.00342393;  0.00606665
 -0.08680938; -0.04938158; -0.02930417; -0.03828576; -0.03100958; -0.01929994; -0.05270218; -0.06343092; -0.04464783; -0.05181790;  0.03499148
 -0.00716865; -0.01059789;  0.00715691; -0.00672341;  0.00916383; -0.00242489;  0.00220143; -0.01061908; -0.00258171;  0.00019733;  0.00736597
  0.10917978;  0.09521262;  0.08828084;  0.07887482;  0.08786569;  0.08420880;  0.06730786;  0.10897438;  0.10788695;  0.11171501;  0.00253523
  0.07880764;  0.03062282;  0.02621532;  0.03826620;  0.03068848;  0.01273973;  0.00735502;  0.02496006;  0.00329882;  0.04431647; -0.03449117
  0.02405312;  0.02655009;  0.03846017;  0.03582064;  0.04185367;  0.03637733; -0.00404402;  0.03334008;  0.05580584;  0.03429426;  0.01024115
 -0.02851408;  0.01595350; -0.01565519;  0.02183716; -0.01224860; -0.00188535;  0.03026015;  0.00044436; -0.00756638;  0.00461515;  0.03312923
 -0.00523069;  0.01824714;  0.01506755;  0.01615258;  0.01158132; -0.00090536; -0.01127581; -0.00793108;  0.00764006;  0.00991314;  0.01514382
  0.00626635;  0.00842273;  0.01171083;  0.02333863;  0.02545734;  0.02927108;  0.00532499;  0.01145716;  0.02449092;  0.00558979; -0.00067656
 -0.03823875; -0.02966967; -0.01339424; -0.00279152; -0.03425633; -0.02710839; -0.02290946; -0.03293090; -0.01731437; -0.02508418;  0.01315457
 -0.02765268; -0.01115602;  0.00233980;  0.01357902; -0.01025084; -0.00379385; -0.00187715; -0.01156504; -0.01011206; -0.01190847;  0.01574420
  0.04681374;  0.03307827;  0.04589107;  0.01889551;  0.05172538;  0.04273145;  0.05011956;  0.03857655;  0.03967020;  0.01659544; -0.03021830
 -0.02520902; -0.01138419; -0.01264329;  0.00112828; -0.02854628;  0.00300939;  0.01271887; -0.01317681; -0.01010510; -0.03963115; -0.01442212
  0.00323341;  0.01171894;  0.01009827; -0.00564676;  0.03092436;  0.02547450;  0.00088703;  0.01804970;  0.01759780; -0.01292618; -0.01615959
  0.08327886;  0.07372188;  0.05097949;  0.03259830;  0.05397915;  0.04883012;  0.06151858;  0.05072932;  0.03617552;  0.07551354; -0.00776532
 -0.00557573;  0.00725259;  0.00116068;  0.02516856;  0.00755775;  0.00370759;  0.01348476; -0.00654497;  0.03163761;  0.00340965;  0.00898538
 -0.05622832; -0.05486710; -0.01362294;  0.01108538; -0.04486353; -0.00445964; -0.03766873; -0.02974105; -0.04503788; -0.07078913; -0.01456082
 -0.06246359; -0.04934496; -0.03000154; -0.02736161; -0.04202833; -0.05774437; -0.02808700; -0.04851843; -0.05477932; -0.07336570; -0.01090211
  0.00294062; -0.01450741;  0.00229833;  0.00648036; -0.00208653;  0.00145525; -0.02391247; -0.00418601; -0.01787473; -0.01002507; -0.01296570
 -0.05793817; -0.04950191; -0.04689630; -0.04461541; -0.03009784; -0.02401916; -0.05667635; -0.01991986; -0.05642014; -0.03470626;  0.02323191
 -0.02200736; -0.04210284; -0.00681892; -0.02194295; -0.01249155; -0.04811565;  0.00142375; -0.00618547; -0.03423103; -0.02459675; -0.00258940
  0.00353317; -0.02130477; -0.02454856;  0.01315152; -0.00687353; -0.00621837; -0.00887613; -0.01229997; -0.04233983; -0.02909724; -0.03263042
  0.10354164;  0.09219145;  0.04901104;  0.02004587;  0.04881988;  0.02160126;  0.05043901;  0.03131759;  0.10272903;  0.10600654;  0.00246489
 -0.01772702; -0.01490334; -0.03476820; -0.04029483; -0.03209217; -0.02628076; -0.03010868; -0.03192607; -0.02231143; -0.00207879;  0.01564823
  0.09050607;  0.09077611;  0.05584398; -0.01302148;  0.08332176;  0.06759219;  0.03760448;  0.08523615;  0.10272226;  0.10753600;  0.01702993
  0.06050163; -0.01829643;  0.00514006;  0.02544700; -0.00430628; -0.00314401; -0.01849889; -0.02698954; -0.01432744;  0.01745748; -0.04304415
 -0.10587330; -0.16714212; -0.12258325; -0.09305286; -0.11995824; -0.11270344; -0.12464729; -0.09757725; -0.15434319; -0.13268741; -0.02681412
  0.04140842;  0.02538931;  0.02115479;  0.00248302;  0.05426973;  0.03813076; -0.01286604;  0.02516711;  0.00601547;  0.02462415; -0.01678427
 -0.04938167; -0.02969716; -0.02565056; -0.01050932; -0.00135512; -0.00941677;  0.01648891;  0.06670240;  0.02929101;  0.05480351;  0.10418518
 -0.00534036;  0.01536744; -0.01049148;  0.01391710; -0.01050043;  0.00086447;  0.00114209; -0.00214305;  0.03147131;  0.03112157;  0.03646193
 -0.05442869; -0.02738394; -0.01203987; -0.03494394; -0.01165037; -0.02110902; -0.02400569; -0.02900280; -0.03931700; -0.00743427;  0.04699442
 -0.06735459; -0.05735852; -0.03125940; -0.03163181; -0.04224788; -0.04652714; -0.04397679; -0.05277383; -0.01900260; -0.04634561;  0.02100897
 -0.08825626; -0.05808507; -0.04869978; -0.02212705; -0.02360896; -0.02525024; -0.01409923; -0.01780234; -0.03492638; -0.03251155;  0.05574471
 -0.02336882; -0.04380546; -0.01680362; -0.01674258; -0.00657743; -0.00094969; -0.02378035; -0.02140060; -0.03197148; -0.02959518; -0.00622637
 -0.05466311; -0.05759044; -0.03378053; -0.06916557; -0.07496357; -0.09583304; -0.08807684; -0.09419400; -0.08959026; -0.05810411; -0.00344100
 -0.07496639; -0.07669010; -0.08493640; -0.10067242; -0.08286086; -0.07539207; -0.09373554; -0.06893389; -0.08376786; -0.09878555; -0.02381915
 -0.13185955; -0.10929278; -0.11103953; -0.09211483; -0.13168258; -0.09154151; -0.11266915; -0.11812273; -0.13639237; -0.11016094;  0.02169861
  0.21606020;  0.25526731;  0.17460048;  0.17857256;  0.17022111;  0.14889676;  0.14817761;  0.08110724;  0.16208028;  0.14261236; -0.07344784
 -0.04205556; -0.00951851; -0.02347829; -0.01812151; -0.06572651; -0.05080312; -0.05268598; -0.03469292; -0.03766124; -0.06140604; -0.01935048
 -0.04773960; -0.01416383; -0.00280491; -0.02463286; -0.05174882; -0.00920233; -0.03382856; -0.01103891; -0.00632367; -0.02870096;  0.01903864
  0.05594608;  0.11165995;  0.08000686;  0.11049437;  0.18382073;  0.16903143;  0.18408410;  0.13711517;  0.17693580;  0.16362107;  0.10767499
  0.04713754;  0.04692442;  0.06450157;  0.08135491;  0.06312003;  0.02957843;  0.03700955;  0.07893357;  0.04975906;  0.08425668;  0.03711914
  0.03495105;  0.01906843;  0.03237716; -0.00651052;  0.02692562;  0.04157939;  0.05978917;  0.02566660;  0.05334872;  0.09453816;  0.05958711
  0.07730938;  0.07627444;  0.02633297;  0.03099648;  0.04019461;  0.05384528;  0.01566112;  0.07545422;  0.07633121;  0.07824338;  0.00093400
  0.09276459;  0.05614559;  0.06554100;  0.04511725;  0.04895159;  0.06094741;  0.05580030;  0.04926243;  0.03361423;  0.06113762; -0.03162696
  0.06900599;  0.06826831;  0.04194541;  0.02240421;  0.06301983;  0.06591062;  0.07157436;  0.04862376;  0.06304990;  0.05124233; -0.01776367
 -0.06298508; -0.06802895; -0.05824533; -0.07752432; -0.07888829; -0.06275487; -0.06335166; -0.03881472; -0.04160192; -0.07326085; -0.01027577
 -0.03272160; -0.01866230; -0.01987091; -0.02229852; -0.01747194; -0.01336535;  0.00484120; -0.02802281;  0.00709936; -0.04103614; -0.00831454
 -0.01880906; -0.01305630; -0.03464635; -0.02162445; -0.05257249; -0.04281938; -0.03863524; -0.03434487; -0.03571897; -0.03769543; -0.01888637
 -0.00160762;  0.02859082;  0.04825537;  0.07253367;  0.07497731;  0.08511001;  0.06067686;  0.07939197;  0.05778446;  0.08931373;  0.09092135
 -0.00192626;  0.01018727;  0.03135580;  0.04714435;  0.02375143;  0.02337430;  0.03445558;  0.04888423;  0.00945597;  0.03410838;  0.03603464
  0.00110485;  0.00698806; -0.01728171; -0.01700304; -0.00724696; -0.00836267; -0.01937865; -0.01788405;  0.00367230; -0.00212089; -0.00322575
  0.14487109;  0.08574743;  0.12028884;  0.13180999;  0.10260337;  0.13501550;  0.10742550;  0.13199596;  0.16012134;  0.16238603;  0.01751494
  0.04440975; -0.00208115; -0.02157574; -0.01821668;  0.02166967; -0.00189449; -0.01680255;  0.00671926;  0.02528247;  0.00162586; -0.04278389
  0.01544814;  0.02547512;  0.02792778;  0.03782929;  0.02393898;  0.03802104;  0.04442034;  0.02669618;  0.02890366; -0.00116129; -0.01660943
  0.00996479; -0.01916396; -0.01286786; -0.01255380; -0.00303565; -0.00083590; -0.02564010; -0.00475682; -0.00561685; -0.00960224; -0.01956703
  0.03141764;  0.02055262;  0.00381431; -0.01123426; -0.02647594; -0.01779382; -0.00689750; -0.01040925; -0.02164326; -0.01049023; -0.04190786
  0.03713395;  0.06223335;  0.06187256;  0.05469890;  0.03832293;  0.03617297;  0.03591227;  0.04274565;  0.05729756;  0.03102681; -0.00610714
  0.00586063;  0.00513975; -0.00321146; -0.00625121; -0.00292160; -0.00921733; -0.01613748; -0.01186714; -0.01807369; -0.02164793; -0.02750855
 -0.02759344;  0.00849976; -0.00418944;  0.00831918;  0.03569779; -0.01058367; -0.00257431; -0.00433092; -0.03129280; -0.00959114;  0.01800230
  0.03244829;  0.02605634;  0.02198389;  0.02987615;  0.01628027;  0.02368151;  0.02568306;  0.03779282;  0.02457268;  0.01716303; -0.01528527
 -0.02281881; -0.03507487; -0.02545173; -0.02560456;  0.00672873; -0.02079958; -0.02344315; -0.02144735; -0.03427263; -0.01882424;  0.00399457
  0.03514047;  0.01168627;  0.01836383; -0.00486277;  0.01778997; -0.01350015; -0.01255406;  0.01070183;  0.01446807;  0.01169885; -0.02344162
  0.07867713;  0.05211091;  0.04032147;  0.04870916;  0.03757257;  0.07437475;  0.06047626;  0.06342965;  0.07444147;  0.06614642; -0.01253071
 -0.00758352; -0.01951812; -0.03886986; -0.02703459; -0.03782565; -0.03414451; -0.06198792; -0.07228191; -0.03265977; -0.03848733; -0.03090381
 -0.01557423; -0.02340917; -0.02472355; -0.00444693; -0.00565850; -0.01393949; -0.02722283; -0.02187718; -0.01659579; -0.02584732; -0.01027310
 -0.00490141; -0.00625474; -0.00360435; -0.00201375; -0.00968094; -0.01279444; -0.01250575; -0.02820283; -0.02210099;  0.00632627;  0.01122769
  0.03571550;  0.01760957;  0.01206247; -0.01904317;  0.00869468;  0.00983253;  0.00209821; -0.00948089;  0.00442728;  0.00600449; -0.02971101
 -0.02393644; -0.00666877; -0.00267435; -0.02229187;  0.00081787; -0.01674578; -0.01327981; -0.02367289; -0.01626124; -0.00649658;  0.01743986
  0.04968303;  0.05790920;  0.05324924;  0.05771121;  0.03844804;  0.05519278;  0.04510628;  0.05098734;  0.04126679;  0.07049712;  0.02081410
 -0.02546396; -0.01871985; -0.00554219; -0.00250155; -0.01250782; -0.01597228; -0.02108900; -0.02974616; -0.01512707; -0.02435026;  0.00111370
 -0.03889297; -0.03124066; -0.00822980; -0.01441558; -0.01271505; -0.01975734; -0.01399942;  0.01668400; -0.03103110; -0.00771413;  0.03117883
  0.00300152; -0.00185787; -0.00916560; -0.00817971;  0.01181527; -0.00108542; -0.00162046;  0.00282314; -0.00095207;  0.01521496;  0.01221344
 -0.02088976; -0.03416302; -0.03372132; -0.02694097; -0.03937355; -0.04569756; -0.04610321; -0.05421229; -0.04152655; -0.03226018; -0.01137042
  0.06327133;  0.03740668;  0.04804139;  0.04185676;  0.03055745;  0.04500027;  0.04315070;  0.03457989;  0.04379056;  0.06757041;  0.00429908
  0.01754196;  0.01466439; -0.00220090;  0.01211754;  0.00846814; -0.00863980;  0.01016268;  0.00031976;  0.01688645;  0.01190209; -0.00563987
 -0.06867499; -0.05339261; -0.05276973; -0.06400434; -0.04892809; -0.05297473; -0.06569522; -0.04915895; -0.06280051; -0.06216504;  0.00650995
  0.00663787; -0.01433220; -0.01067772; -0.01019053;  0.00497676; -0.02183230; -0.01108969; -0.02647826; -0.00914056;  0.00799877;  0.00136091
  0.04812134;  0.04927323;  0.02883292;  0.03225687;  0.03072380;  0.00007564;  0.04489039;  0.04752312;  0.03677058;  0.06445853;  0.01633719
  0.07171177;  0.08297168;  0.06782838;  0.08370311;  0.06498391;  0.10250835;  0.09469487;  0.08589132;  0.10814790;  0.10383590;  0.03212413
  0.02799284;  0.03981498;  0.01395811;  0.01644428;  0.01221094;  0.00601688;  0.02646161;  0.03126803;  0.03260980;  0.04392483;  0.01593199
 -0.01262999; -0.00670065; -0.01761418; -0.01341159; -0.01298155; -0.00894014; -0.00701342; -0.02316762; -0.01797593; -0.00428074;  0.00834925
  0.06063174;  0.07089713;  0.04842226;  0.05152586;  0.03717126;  0.06266008;  0.06989554;  0.04649194;  0.07074316;  0.09243700;  0.03180526
  0.05067608;  0.04884382;  0.03859571;  0.03828033;  0.03671576;  0.04125468;  0.03132547;  0.04340950;  0.04427541;  0.04927049; -0.00140559
 -0.00232252; -0.01114076;  0.00709788; -0.00264411; -0.00007958; -0.02582749; -0.00915923; -0.00913045; -0.01704877; -0.02827439; -0.02595187
 -0.18899616; -0.13504774; -0.10376422; -0.09402021; -0.08964492; -0.08260098; -0.10215952; -0.12799137; -0.12291650; -0.14505796;  0.04393819
  0.07270033;  0.04845815;  0.02834217;  0.03146254;  0.02715908;  0.03136947;  0.03461658;  0.03298910;  0.02524414;  0.03816788; -0.03453245
  0.00461235;  0.01625949;  0.00538494;  0.01607164;  0.00622434;  0.04485817;  0.00934221;  0.02197793;  0.01550270;  0.00781702;  0.00320466
  0.07178213;  0.06583246;  0.04534503;  0.04732455;  0.05875575;  0.03996803;  0.03396022;  0.04057035;  0.04791554;  0.06238091; -0.00940122
 -0.02226341; -0.02556204; -0.02082666; -0.02648307; -0.03363802; -0.02275575; -0.03953130; -0.02464905; -0.03894275; -0.05484316; -0.03257974
  0.10444337;  0.06773804;  0.06525798;  0.04713688;  0.06026289;  0.05189476;  0.06069629;  0.07166494;  0.07086213;  0.09342564; -0.01101773
  0.00898791;  0.01456665;  0.01842992;  0.01117950; -0.00132198; -0.00780335;  0.00306752; -0.00060905;  0.02632709;  0.02946751;  0.02047961
 -0.00800422; -0.00993766; -0.01864118; -0.00782210; -0.00795265; -0.00739197; -0.02325167; -0.02730652; -0.01133163; -0.03178522; -0.02378100
  0.08007081;  0.06209869;  0.06457055;  0.04805220;  0.03815409;  0.02190558;  0.03847693;  0.05436071;  0.05102927;  0.06307184; -0.01699896
  0.02073356;  0.01742973;  0.02250832;  0.01492766;  0.02404659; -0.00526269;  0.01384078;  0.02498905;  0.03357562;  0.00623745; -0.01449611
  0.06204504;  0.07731387;  0.05887556;  0.06186782;  0.05741612;  0.04555402;  0.07179698;  0.07994657;  0.06445336;  0.07803580;  0.01599076
  0.02206046;  0.00230699;  0.01483706;  0.00413579;  0.00485400; -0.00935583; -0.02312456; -0.00050331; -0.00159435;  0.01206717; -0.00999328
 -0.09036246; -0.08199246; -0.05830403; -0.06542892; -0.07892303; -0.05901172; -0.06864286; -0.08152958; -0.07492879; -0.09081711; -0.00045465
  0.11694188;  0.08974929;  0.06508624;  0.05544977;  0.03831330;  0.05667994;  0.04944361;  0.05424974;  0.07549673;  0.04717426; -0.06976762
  0.05427129;  0.02959608;  0.00248248;  0.02690592;  0.02997274;  0.00005540;  0.03805389;  0.05320647;  0.03807834;  0.03627891; -0.01799238
  0.06472771;  0.08161108;  0.07266173;  0.07285265;  0.04917768;  0.06055508;  0.06478327;  0.03781197;  0.04843063;  0.06491382;  0.00018610
 -0.00476823;  0.01280699;  0.05816288; -0.00311999; -0.04053985; -0.00231502; -0.01688248; -0.03788899; -0.02895914;  0.01242703;  0.01719526
 -0.15484664; -0.13828755; -0.12966013; -0.11196843; -0.09950381; -0.09594465; -0.12816529; -0.09155808; -0.09866571; -0.12502632;  0.02982032
  0.05405991;  0.05331669;  0.08471434;  0.05873636;  0.04816141;  0.04137192;  0.04397125;  0.04645603;  0.04461281;  0.04286160; -0.01119830
  0.07890093;  0.06680708;  0.05204766;  0.05608376;  0.06502635;  0.04460271;  0.07706774;  0.06844526;  0.06644075;  0.07164425; -0.00725668
  0.03385283;  0.04868730;  0.02072440;  0.04222747;  0.03223640;  0.03372084;  0.03603601;  0.04111523;  0.03466602;  0.04427685;  0.01042402
  0.09468686;  0.07248622;  0.05555967;  0.06306615;  0.06681135;  0.05128784;  0.08052190;  0.08434289;  0.08531902;  0.08783196; -0.00685490
  0.03862271;  0.02531490;  0.00225550;  0.01392509;  0.01931893;  0.02513694;  0.03893254;  0.02474348;  0.00678852;  0.05006760;  0.01144489
  0.04750893;  0.00881912;  0.01491344;  0.01750732;  0.02717519;  0.02510654;  0.05778153;  0.02135557;  0.03904175;  0.06151900;  0.01401007
  0.01475778;  0.00484386;  0.03076205;  0.02138702; -0.00515381;  0.03413689; -0.00076131;  0.01568931; -0.00074273;  0.04240425;  0.02764647
  0.11219311;  0.11863634;  0.13678223;  0.09235521;  0.07503233;  0.11793386;  0.10831831;  0.07832071;  0.06853654;  0.14009293;  0.02789981
 -0.04890376; -0.03693551; -0.03507624; -0.03286668; -0.01346872; -0.04595800; -0.03505965; -0.01018636; -0.00789693; -0.02140259;  0.02750117
 -0.06621095; -0.06511450; -0.07443741; -0.05816392; -0.03069691;  0.00095816; -0.03801814; -0.01584347; -0.03147240; -0.02617484;  0.04003611
  0.00916042;  0.00377365;  0.01624625;  0.02574684;  0.00903476;  0.01540658;  0.03946342;  0.02628953;  0.02144592;  0.01123822;  0.00207780
  0.07504580;  0.05368206;  0.06191626;  0.04062406;  0.01223897;  0.03762604;  0.04225994;  0.05021900;  0.05668429;  0.09035935;  0.01531355
  0.00460404; -0.01525328; -0.04515630; -0.01248057; -0.01423523;  0.00104184;  0.00136011; -0.01094769;  0.01875270; -0.01252915; -0.01713319
  0.03791352;  0.00918749;  0.00097897; -0.00104730;  0.00107392;  0.02480605;  0.00411636;  0.01310058;  0.03083902;  0.01263044; -0.02528308
 -0.05896300; -0.00569035; -0.01040440; -0.01140759;  0.00251167;  0.01201824; -0.01087460; -0.00112152; -0.01706726;  0.00183879;  0.06080179
  0.00080538;  0.02828210; -0.00340436;  0.00685610;  0.00196582;  0.01455599; -0.02105490; -0.01396855; -0.01862340; -0.01332188; -0.01412726
 -0.08892711; -0.05049301; -0.06988481; -0.05948787; -0.04577135; -0.03665186; -0.05575400; -0.04882257; -0.05629840; -0.09044441; -0.00151730
 -0.12527169; -0.09953536; -0.06606331; -0.07537744; -0.04257311; -0.03414469; -0.04603300; -0.04470844; -0.03815857; -0.03063202;  0.09463966
  0.10635018;  0.09176319;  0.05824803;  0.04639344;  0.03877516;  0.04510616;  0.05184240;  0.08500126;  0.05803541;  0.08297381; -0.02337636
  0.00217684;  0.02780406;  0.04023433;  0.05153002;  0.06434301;  0.04869248;  0.04804773;  0.04358364;  0.03464197;  0.06238483;  0.06020799
 -0.04015174; -0.02571999; -0.04420640; -0.02337881; -0.02471391; -0.01962051; -0.01712287; -0.03725148; -0.01663307; -0.03237897;  0.00777277
 -0.04239644; -0.01079245; -0.05003220; -0.00899822; -0.01655233;  0.00201015; -0.02022039; -0.03875104; -0.03822209; -0.06255216; -0.02015572
 -0.06550511; -0.08026429; -0.05788047; -0.02462980; -0.04393388; -0.03540284; -0.04063110; -0.04309658; -0.06364766; -0.07724544; -0.01174033
 -0.04658446; -0.01769547; -0.02092235;  0.00405244;  0.00857080; -0.00113322; -0.00717723; -0.01666525; -0.02146970; -0.00337159;  0.04321288
  0.07155717;  0.06000784;  0.05924124;  0.03143993;  0.02046500;  0.04720555;  0.05329000;  0.04683194;  0.05051894;  0.04715008; -0.02440709
 -0.05730795; -0.05678161; -0.02087323; -0.03232145; -0.01340373; -0.02435463; -0.03558181; -0.02898084; -0.03872033; -0.02792923;  0.02937871
 -0.02724819; -0.01753009; -0.03149788; -0.01969403; -0.01746215; -0.01894014; -0.02065342; -0.00999813; -0.03178422;  0.02257403;  0.04982222
 -0.00717144; -0.00216507; -0.04717644; -0.01589299; -0.02028539;  0.00617103; -0.02854722; -0.03783582; -0.04682939; -0.02337229; -0.01620085
  0.11998409;  0.13505780;  0.13886970;  0.13988373;  0.12213504;  0.10972959;  0.10933049;  0.10078817;  0.10068384;  0.11518876; -0.00479533
  0.00181497; -0.00589314;  0.00520572;  0.01053777;  0.01312080;  0.02938219;  0.02706194;  0.03647953;  0.03158981;  0.04411030;  0.04229533
  0.16161638;  0.17378376;  0.11854908;  0.11180945;  0.08775069;  0.09711752;  0.14728201;  0.11962513;  0.11948468;  0.12427424; -0.03734213
  0.06289850;  0.10944023;  0.03110645;  0.06594810;  0.03155358;  0.05299408;  0.03087887;  0.04791658;  0.04785318;  0.07328871;  0.01039021
  0.01747039; -0.02761439;  0.03240746;  0.01788084;  0.01210832;  0.04233361; -0.00668806;  0.00490029;  0.00442774; -0.01413940; -0.03160980
  0.08015415;  0.04446174;  0.02789131;  0.06630436;  0.02007702;  0.02731350;  0.01789272;  0.02189717;  0.02986848;  0.02755247; -0.05260168
  0.06028535;  0.04611690;  0.03032066;  0.02379336;  0.03719626;  0.01940370;  0.01727991;  0.04437542;  0.02069581;  0.03097775; -0.02930760
  0.01826939;  0.03922576;  0.02806216;  0.02414333;  0.03333611;  0.03966073;  0.04183987;  0.04308439;  0.04944323;  0.06163384;  0.04336446
  0.05062317;  0.05958490;  0.08051819;  0.05935197;  0.05171316;  0.10622443;  0.07381606;  0.07616933;  0.07534112;  0.08841622;  0.03779305
  0.03745779;  0.02725580;  0.00757385; -0.01445619; -0.01427909; -0.00988463;  0.01650224;  0.01693732;  0.01581631;  0.05664833;  0.01919054
  0.04605734;  0.06407256;  0.04148242;  0.01858212;  0.02229882;  0.03186321;  0.02940989;  0.04339705;  0.06742162;  0.04564978; -0.00040756
 -0.08702153; -0.02583360; -0.02428742; -0.04226046; -0.03244279;  0.00561533; -0.01258588; -0.02038357; -0.03891474; -0.04132811;  0.04569342
 -0.01524884; -0.02413427; -0.00547465;  0.01937380; -0.00677569;  0.01114797;  0.01376122;  0.01443775;  0.03218549;  0.02810431;  0.04335315
 -0.01692808;  0.00580763;  0.02794705;  0.02667859;  0.03220168;  0.03026732;  0.02861301;  0.02467484; -0.01082837; -0.00592912;  0.01099896
 -0.07620901; -0.05375389; -0.00094746; -0.02179612; -0.01595577;  0.00664023; -0.02325242; -0.01668433; -0.03083270; -0.01958820;  0.05662081
  0.07099082;  0.04890610;  0.01904561;  0.04279970;  0.03392408; -0.01015207;  0.03588530;  0.02571796;  0.02211605;  0.00102723; -0.06996360
 -0.01580938; -0.00591496; -0.00974289; -0.01711751; -0.01744820;  0.00560843; -0.02244482; -0.00918403; -0.00748861;  0.03436927;  0.05017865
 -0.04048685; -0.04559893; -0.02077039;  0.01663756; -0.00857782; -0.02923432;  0.01161133; -0.01114969;  0.00380545;  0.02611287;  0.06659971
 -0.06074978; -0.05354133; -0.03986958; -0.04471181; -0.04278792; -0.03410049; -0.03265262; -0.03141678; -0.04955056; -0.05224884;  0.00850094
  0.01367143;  0.02611671;  0.00769636;  0.01212959;  0.01079935;  0.01566083;  0.01564274;  0.00669053;  0.02286846;  0.01897875;  0.00530732
 -0.01844443; -0.00651979;  0.00359271; -0.00519660;  0.00140163;  0.01679273;  0.01413964;  0.01097326;  0.01204069; -0.01013576;  0.00830868
 -0.06016567; -0.07979507; -0.05681828; -0.06464578; -0.03680604; -0.04315348; -0.04835934; -0.03344930; -0.05745023; -0.03615800;  0.02400766
  0.04181405;  0.00933096;  0.02688579;  0.03552636;  0.02746258;  0.01678654;  0.02766903;  0.02197942;  0.03374492;  0.03634206; -0.00547198
 -0.05264872; -0.04756562; -0.03246976; -0.00610538; -0.00821855;  0.00389407; -0.02780855; -0.02407164; -0.01123736; -0.03715185;  0.01549686
  0.15122386;  0.14952626;  0.13366052;  0.10720274;  0.09792561;  0.11030996;  0.09785179;  0.10901659;  0.09226283;  0.12455037; -0.02667349
 -0.01843994; -0.03989179; -0.01343499;  0.00364627;  0.01245521;  0.01230998;  0.00983186; -0.00182377;  0.00410077;  0.00778660;  0.02622654
  0.01029858; -0.00838571; -0.00448060; -0.00687357;  0.01604887;  0.01242037;  0.00392019;  0.00069244; -0.00858363;  0.00267611; -0.00762248
 -0.03463430; -0.02484374; -0.00971854; -0.00342884; -0.00608936; -0.01320907; -0.00580997;  0.00772503;  0.00204267; -0.01861240;  0.01602190
  0.01995490;  0.03761261;  0.01401499;  0.03538583;  0.02350648;  0.02587831;  0.01831467;  0.02048840;  0.02105842;  0.01502226; -0.00493264
  0.13591646;  0.11677622;  0.08315133;  0.07591978;  0.06206146;  0.07249077;  0.07569424;  0.07972560;  0.07345028;  0.12013082; -0.01578563
 -0.00048705;  0.01093496;  0.01539017;  0.01119559;  0.02321598;  0.02199952;  0.00716971;  0.02866564;  0.04574511;  0.02428265;  0.02476970
 -0.03671484; -0.01387887;  0.00849919; -0.00411196;  0.01123367;  0.00123345; -0.01318774;  0.00327554;  0.02166303;  0.00345086;  0.04016570
 -0.04571448; -0.01326612;  0.01353980;  0.00629681; -0.00106044; -0.00057530;  0.00319726; -0.00322829; -0.00986845; -0.00798200;  0.03773248
  0.05078589;  0.06647785;  0.05481691;  0.08003423;  0.05890767;  0.04916229;  0.04866885;  0.07074951;  0.05930543;  0.04283001; -0.00795588
  0.01635180;  0.02184628;  0.01592625;  0.01286099;  0.01805433;  0.02450168;  0.00712058;  0.01104697;  0.03524580;  0.02370428;  0.00735248
  0.02308169;  0.00083133;  0.00306846; -0.00545863; -0.01360619; -0.01257124;  0.01302427;  0.00546619; -0.02984834;  0.00542500; -0.01765668
 -0.02361689; -0.00258094; -0.00766108; -0.00465968;  0.00318359; -0.00390867; -0.00447935; -0.01000541;  0.00143377;  0.00310858;  0.02672546
 -0.05596335; -0.04917323; -0.03484685; -0.04303013; -0.03053303; -0.03594766; -0.02841512; -0.05077486; -0.00131863; -0.04502744;  0.01093591
  0.01951338;  0.03258625;  0.05535411;  0.05233892;  0.03901972;  0.04428719;  0.05495495;  0.05900897;  0.04353055;  0.07101385;  0.05150047
  0.07255705;  0.08011423;  0.05764962;  0.06818936;  0.06805627;  0.05506255;  0.07557615;  0.08749534;  0.06975317;  0.07928675;  0.00672971
  0.05396861;  0.04448066;  0.03411136;  0.03325762;  0.05518348;  0.03161570;  0.06306205;  0.02910098;  0.05073679;  0.03383765; -0.02013096
  0.02146871;  0.02062836; -0.01270121;  0.02278280; -0.00075670;  0.01118962;  0.01990781;  0.02877833; -0.01532731;  0.03744465;  0.01597593
  0.08876013;  0.07980829;  0.07562565;  0.09395642;  0.05353225;  0.07761156;  0.09668685;  0.07493912;  0.07398308;  0.09157576;  0.00281563
  0.03069758;  0.05888907;  0.05811008;  0.06995494;  0.02801941;  0.06195057;  0.06198526;  0.06202960;  0.06130983;  0.06888148;  0.03818390
  0.02317629; -0.02403250;  0.01726595; -0.02839861;  0.00117008; -0.02560248; -0.03038813;  0.00834913; -0.01771690;  0.02017062; -0.00300567
  0.04346690;  0.05296457;  0.04331252;  0.06817115;  0.02863385;  0.05659691;  0.05494351;  0.05319909;  0.07111591;  0.06974753;  0.02628063
 -0.03613801; -0.00004185;  0.02048206;  0.02155227;  0.00768705;  0.02401488;  0.03582069;  0.03173118; -0.01077763;  0.02253544;  0.05867345
 -0.06827794; -0.07139345; -0.06910473; -0.05367842; -0.06561024; -0.03488784; -0.04923160; -0.05753219; -0.06340115; -0.08208579; -0.01380785
  0.06653794;  0.06713089;  0.05751105;  0.05823834;  0.06980861;  0.08705987;  0.07287817;  0.05797923;  0.08331475;  0.03985390; -0.02668404
 -0.10945082; -0.07424688; -0.09363268; -0.09289786; -0.06512160; -0.06686683; -0.08029814; -0.08054384; -0.07489827; -0.06491729;  0.04453353
  0.05203976;  0.05772735;  0.06898983;  0.07331029;  0.01921800;  0.05205379;  0.06657414;  0.05715301;  0.05157896;  0.06780495;  0.01576519
  0.03304391; -0.00547111;  0.02593868;  0.01043032;  0.02824953;  0.02015109;  0.01019651;  0.01467181;  0.02744298;  0.00364092; -0.02940300
 -0.02192357; -0.02914781; -0.03657202; -0.03957561; -0.01925808; -0.01953295; -0.02425624; -0.02670419; -0.03060929; -0.03469545; -0.01277188
  0.20317768;  0.13461554;  0.13473076;  0.11512530;  0.12817921;  0.12986231;  0.12830628;  0.13689318;  0.10968060;  0.13165549; -0.07152219
  0.08955176;  0.07584741;  0.05711878;  0.05337469;  0.02376000;  0.03893406;  0.03912638;  0.06367312;  0.03899758;  0.04894053; -0.04061123
  0.02121542;  0.01520657;  0.01329479;  0.04148959;  0.01847065;  0.00563239;  0.00855534;  0.03477346;  0.04583779;  0.01023740; -0.01097802
  0.01387356; -0.02323828; -0.01763490;  0.00542304; -0.01638829; -0.02325032; -0.03154519; -0.02466821; -0.01381927; -0.02368719; -0.03756075
 -0.01378240;  0.01853379;  0.00233859; -0.00137218;  0.00678975;  0.00143957;  0.01422490;  0.01280721;  0.02042264; -0.00562501;  0.00815739
  0.02435114;  0.03235099;  0.04804150;  0.03330177;  0.06334014;  0.05022242;  0.05321635;  0.03597458;  0.05776471;  0.04711106;  0.02275992
  0.04062216;  0.06176983;  0.04441487;  0.03320005;  0.05014031;  0.04718442;  0.04363042;  0.06016393;  0.04099526;  0.05049224;  0.00987008
  0.07652433;  0.02491703;  0.04406686;  0.03745321;  0.04603352;  0.03274886;  0.06190141;  0.02948046;  0.02001831;  0.03131525; -0.04520908
 -0.03244484; -0.01156946; -0.00707601; -0.05235573; -0.02846022; -0.01585813; -0.01763866; -0.01635749; -0.02902630; -0.02758322;  0.00486162
 -0.29092893; -0.26039043; -0.23072907; -0.21706710; -0.20647747; -0.20864852; -0.19538363; -0.24121400; -0.21925560; -0.25612108;  0.03480785
 -0.09733361; -0.07329460; -0.07553318; -0.07299831; -0.08320233; -0.06603266; -0.06333585; -0.05803635; -0.07165946; -0.10660876; -0.00927515
  0.10233932;  0.11211423;  0.09129419;  0.05390728;  0.05693940;  0.08344648;  0.04930485;  0.09764073;  0.06246249;  0.10508244;  0.00274312
 -0.01074939; -0.00896885;  0.07320269;  0.05962029;  0.04505128;  0.05574256;  0.04823215;  0.04852016;  0.02276034;  0.03333910;  0.04408850
  0.07916939;  0.05781860;  0.03769356;  0.04333046;  0.03752310;  0.05704779;  0.05645789;  0.05076845;  0.05440347;  0.08302304;  0.00385365
  0.02038613; -0.03238182; -0.01753372; -0.02328424; -0.00632567; -0.02697976; -0.04066013; -0.02299466; -0.02429191; -0.00018121; -0.02056734
  0.02465673;  0.01058255; -0.00003277;  0.02629564;  0.00175498; -0.00019788;  0.03308732; -0.00321974; -0.00232892; -0.00069330; -0.02535004
 -0.01029980;  0.00080418; -0.00434207;  0.01560393;  0.01024155;  0.00094990; -0.00093286; -0.00644752;  0.01728812; -0.01573675; -0.00543695
  0.08204178;  0.06726031;  0.03598734;  0.04540707;  0.03402095;  0.04422549;  0.06841611;  0.04097676;  0.06155458;  0.07250326; -0.00953852
 -0.00349619; -0.01940003; -0.00048166; -0.00714925; -0.00843849; -0.00992457;  0.00055454;  0.00738592; -0.00888839; -0.01296985; -0.00947366
 -0.05929622; -0.03216908; -0.01328800; -0.02571685; -0.01361110; -0.03329457; -0.04667678; -0.00164881; -0.02509590; -0.02340042;  0.03589580
  0.04094814;  0.03427488;  0.03103664;  0.01740707;  0.03078693;  0.04824033;  0.04087960;  0.05621205;  0.06540356;  0.05587284;  0.01492470
  0.00249860;  0.00306867;  0.01238343;  0.00776784;  0.04307969;  0.02894516;  0.04598542;  0.02447829;  0.00607713;  0.02619202;  0.02369342
 -0.03152935; -0.02042478; -0.01640312; -0.01751942; -0.00738094; -0.01120146; -0.01631271; -0.01868325; -0.01062977; -0.03210552; -0.00057618
  0.05379184;  0.03061888;  0.02420828;  0.01427916;  0.02422434;  0.01277122;  0.01558090;  0.03157745;  0.01913658;  0.00907749; -0.04471436
  0.06528383;  0.07796107;  0.05859713;  0.05838151;  0.06747334;  0.06043953;  0.07658599;  0.05597839;  0.07486787;  0.06308196; -0.00220187
 -0.01355591; -0.02245978; -0.01375969; -0.02722709; -0.01145766; -0.02428971; -0.02297895; -0.01197679; -0.01362372; -0.01782784; -0.00427192
  0.02487314;  0.02075599;  0.04345652;  0.01935405;  0.03129353; -0.00937534;  0.03212926;  0.04093976;  0.02616413;  0.01516972; -0.00970341
  0.07059449;  0.04186830;  0.03816441;  0.02676501;  0.05237312;  0.04834627;  0.06056728;  0.05542097;  0.06158857;  0.05058874; -0.02000575
  0.07330761;  0.05388448;  0.04149101;  0.03418793;  0.04808915;  0.02721505;  0.05147495;  0.04415099;  0.02886520;  0.03502584; -0.03828178
 -0.05792580; -0.00858898; -0.00219810;  0.00562488; -0.00222627; -0.00563532; -0.01496625; -0.00287416;  0.00158842;  0.01574133;  0.07366713
  0.04938121;  0.06600632;  0.06599301;  0.06861463;  0.08683160;  0.06922775;  0.09854527;  0.10979245;  0.10689688;  0.08020008;  0.03081888
  0.02571585;  0.04262978;  0.02672522;  0.01156953;  0.01457091;  0.02990563;  0.02196088;  0.00244207;  0.01326968;  0.03223929;  0.00652344
  0.01895936; -0.00052344;  0.00191164; -0.00402751;  0.00049647; -0.02006493;  0.00988920; -0.01482116; -0.00281326; -0.02984678; -0.04880614
 -0.05163914; -0.04891353; -0.02388062; -0.02138775; -0.02745627; -0.03983497; -0.01984330; -0.01555320; -0.03827405; -0.02501396;  0.02662517
  0.01466460;  0.01711129;  0.01500224;  0.02195209;  0.01137080;  0.01053734;  0.03003021;  0.02191391;  0.01827655; -0.01081486; -0.02547946
  0.00458254;  0.02150502;  0.01088978;  0.01646218;  0.01135119;  0.00566748;  0.02083232;  0.02313444;  0.01320715;  0.02488235;  0.02029981
 -0.06077677; -0.06440873; -0.08040212; -0.07343684; -0.05671468; -0.07547971; -0.06510796; -0.07909308; -0.07201954; -0.09441949; -0.03364272
  0.02826503;  0.03350787;  0.02395694;  0.00074164;  0.02005299;  0.00555413;  0.02419442;  0.01315588;  0.01941004; -0.00164432; -0.02990935
  0.05273773;  0.02762791;  0.02538223;  0.01320856;  0.02830088;  0.01758711;  0.01729422;  0.03232010;  0.03868216;  0.02584384; -0.02689389
 -0.05276911; -0.03611828; -0.03988529; -0.02938739; -0.02627962; -0.02086951; -0.01746932; -0.02177046; -0.03120350;  0.00573616;  0.05850528
  0.10676804;  0.09920816;  0.09173968;  0.08303728;  0.09632407;  0.07930689;  0.08185670;  0.10460318;  0.07640047;  0.10048203; -0.00628601
 -0.00762797; -0.00752557; -0.02536096; -0.00903420; -0.00606668; -0.00268861;  0.00127705; -0.00871446;  0.00886570;  0.01854035;  0.02616832
 -0.05493899; -0.02473990; -0.03048647; -0.00259803; -0.01611996;  0.00436996; -0.00000984; -0.00601305; -0.00939500; -0.00479424;  0.05014475
 -0.12979083; -0.12401031; -0.09045257; -0.08738249; -0.09148151; -0.07733544; -0.08390707; -0.10203669; -0.08396494; -0.08463283;  0.04515800
 -0.07428117; -0.10538608; -0.04991637; -0.03738956; -0.02929176; -0.02924686; -0.06792734; -0.06689625; -0.04610828; -0.05463470;  0.01964647
 -0.00424589; -0.03356163; -0.00553137; -0.01708390; -0.00074989;  0.00125761; -0.02171137;  0.00765982; -0.01099195; -0.01647687; -0.01223098
  0.10050719;  0.05615463;  0.06924585;  0.07595367;  0.06208391;  0.06463242;  0.07314778;  0.05847922;  0.07683468;  0.08897314; -0.01153405
  0.06576160;  0.01626445;  0.03685780;  0.04224877;  0.01745331;  0.03860517;  0.02414888;  0.02542613;  0.04225698;  0.03238166; -0.03337994
  0.09989679;  0.10125648;  0.05358043;  0.05816442;  0.03720133;  0.02777344;  0.04191434;  0.05572554;  0.03079979;  0.00628927; -0.09360752
  0.11272330;  0.07606872;  0.07980606;  0.06593337;  0.06563674;  0.07416919;  0.04006663;  0.08480303;  0.07628973;  0.09181900; -0.02090430
  0.04582511;  0.02841329;  0.03595375;  0.02084452;  0.02288750;  0.03863749;  0.03129069;  0.01335118;  0.03054307;  0.03959029; -0.00623482
  0.00641095;  0.00691428;  0.00364286;  0.00104110;  0.00554693;  0.00514679;  0.01092046; -0.00863261; -0.00408599;  0.02343758;  0.01702663
  0.05744778;  0.05701030;  0.03991587;  0.05797700;  0.03760925;  0.03321102;  0.03027763;  0.04639840;  0.02758256;  0.04854202; -0.00890575
 -0.08526181; -0.06106277; -0.04024141; -0.04427995; -0.04151335; -0.03389404; -0.02960941; -0.04273721; -0.04301585; -0.05572267;  0.02953914
  0.03694712;  0.03627463;  0.05452822;  0.02526607;  0.04428208;  0.04222110;  0.03844174;  0.07027205;  0.04515160;  0.05457902;  0.01763190
  0.04046684;  0.00609991;  0.03741270;  0.02212477;  0.02522369;  0.02542092;  0.00973208;  0.03439614;  0.02615336;  0.02235452; -0.01811231
 -0.01890373; -0.01830868; -0.01386509; -0.00969369; -0.01027841; -0.01854679; -0.01550370; -0.00722891; -0.01092373; -0.00834810;  0.01055563
  0.00571339;  0.02028049;  0.00349059;  0.01715011;  0.02588307;  0.02375383;  0.01545302;  0.00528002;  0.00715804;  0.02716088;  0.02144749
 -0.06019289; -0.04932198; -0.03567844; -0.04675874; -0.04200391; -0.03688475; -0.04472394; -0.01352869; -0.03125807; -0.01671961;  0.04347328
  0.14664450;  0.11120690;  0.12272486;  0.09893942;  0.11274554;  0.12103832;  0.09249440;  0.11969792;  0.08717492;  0.09565851; -0.05098599
  0.05296640;  0.03240850; -0.01430583; -0.02196556; -0.00071575; -0.02331326; -0.01835361; -0.01054429; -0.00306219; -0.02509498; -0.07806138
  0.05113959;  0.04945796;  0.02327686; -0.00404634;  0.01655676;  0.01513613; -0.00127456; -0.00439424;  0.00764525;  0.00518805; -0.04595154
 -0.04075406; -0.02772328; -0.02171428; -0.00785887; -0.01787036; -0.01891529; -0.01765016; -0.01774779; -0.02647964; -0.04176024; -0.00100618
 -0.01131533;  0.02037584;  0.01060996;  0.01735108;  0.01888702;  0.03074984;  0.03301126;  0.01926779;  0.02602451; -0.01747714; -0.00616180
  0.00060053;  0.01547433;  0.00691339; -0.00340201;  0.00616383;  0.00809290;  0.00615393;  0.01000308;  0.01951519; -0.00129265; -0.00189318
 -0.04886812; -0.00982243; -0.01110116; -0.01619790; -0.02279079; -0.01894896; -0.02116579; -0.01706446;  0.00779840; -0.02906491;  0.01980320
  0.03017519;  0.02665135;  0.03483861;  0.05439525;  0.04546155;  0.04405442;  0.04562631;  0.04071095;  0.01608613;  0.05450955;  0.02433435
 -0.06349662; -0.03925735; -0.02311252; -0.01018203; -0.02086325; -0.00603508; -0.02212411; -0.00343769; -0.03572816; -0.01365450;  0.04984212
  0.03288435;  0.02206392;  0.01442756;  0.02018276;  0.02768257; -0.00254783;  0.01408383;  0.00471905; -0.00022744;  0.01138088; -0.02150347
  0.04256451;  0.02801067;  0.02045932;  0.02777591; -0.00076296; -0.00018326; -0.00072367;  0.00571545; -0.01652141;  0.02321189; -0.01935261
  0.09657043;  0.06854500;  0.04683656;  0.02039786;  0.04587275;  0.02381472;  0.02533881;  0.03885546;  0.03713685;  0.04408751; -0.05248292
  0.03801713;  0.02844983;  0.01534539;  0.01755194;  0.00992404;  0.02798627;  0.02567976;  0.00431686; -0.02345072;  0.01051164; -0.02750549
  0.03706565; -0.00865297;  0.00195191;  0.01163652;  0.01019519;  0.00067981;  0.01419328;  0.01972709;  0.01445212;  0.03398571; -0.00307993
 -0.06254171; -0.00386783;  0.00872639;  0.01271014;  0.00436821;  0.00949968;  0.01682912;  0.01700459;  0.02822276;  0.00507049;  0.06761220
  0.04423555;  0.02567664;  0.03925897;  0.03440671;  0.01032108;  0.02758848;  0.02273253;  0.01089714;  0.03477234;  0.00304198; -0.04119357
 -0.02315366; -0.00113996; -0.01781088; -0.03365661; -0.05830215; -0.01776664; -0.03652977; -0.01879097; -0.01060714; -0.03978233; -0.01662867
  0.02606698;  0.02303571;  0.02406151;  0.01166942;  0.02618401;  0.02231751;  0.02140450;  0.02449860;  0.05780418;  0.06971754;  0.04365056
  0.01888021;  0.00904393; -0.00253164;  0.02125843; -0.00095031;  0.00527682;  0.00536667; -0.00729346;  0.01900846; -0.01274653; -0.03162674
 -0.00932776; -0.02631135; -0.01263092; -0.00585062;  0.00643446; -0.00853655;  0.00639494;  0.01716538;  0.00656549; -0.02309381; -0.01376605
  0.04624479;  0.02337632;  0.04515201;  0.04141925;  0.02774327;  0.03392382;  0.06124913;  0.03562990;  0.03233819;  0.06261022;  0.01636544
  0.05116473;  0.01601421;  0.00734581;  0.00655617; -0.00569971;  0.00936119; -0.01522883; -0.02596529; -0.01098357; -0.02429821; -0.07546294
  0.00381833;  0.02961808; -0.00199460;  0.00407937;  0.01975054;  0.01264757;  0.00693767;  0.02238282;  0.00877467;  0.05206354;  0.04824521
 -0.03914847; -0.01951067; -0.02383889; -0.01952827; -0.00592251; -0.00971206; -0.02239080;  0.01260264; -0.02847003;  0.01272641;  0.05187487
  0.02688683;  0.01012497;  0.02678102;  0.01997681;  0.00657528;  0.01539174;  0.02685354;  0.01058448;  0.01187223;  0.03953040;  0.01264357
  0.02464355;  0.03318780;  0.02135018;  0.01492084;  0.03874413;  0.03158749;  0.03273012;  0.03823584;  0.03372027;  0.01797913; -0.00666442
 -0.02737317; -0.01684146; -0.02429133; -0.02010129; -0.01240802; -0.03865452; -0.02291817; -0.02253431; -0.03387779; -0.01806547;  0.00930770
 -0.05290922; -0.04751875; -0.04111122; -0.04293482; -0.04988616; -0.03531477; -0.04225653; -0.03666156; -0.04920960; -0.02685097;  0.02605825
  0.00575198;  0.01420682;  0.01529488;  0.02020316;  0.00914092;  0.01609822;  0.00148124;  0.00318486;  0.01039926;  0.01299441;  0.00724243
  0.00617392;  0.00548906;  0.01398008; -0.00479681;  0.01263162;  0.00321732;  0.03112603; -0.00090382;  0.03393592;  0.04092669;  0.03475277
 -0.04584960; -0.03380331; -0.02982881; -0.01802866; -0.02270892; -0.01507013; -0.02848323; -0.02705129; -0.02184346; -0.04290612;  0.00294348
  0.04089168;  0.02844796;  0.01510167;  0.04244709;  0.03762722;  0.03450324;  0.02232071;  0.02997924;  0.02707373;  0.02954228; -0.01134941
  0.06595024;  0.05537717;  0.05862138;  0.05984628;  0.02205108;  0.03222336;  0.03607445;  0.03451492;  0.03524610;  0.07013169;  0.00418145
 -0.01786663; -0.03003129; -0.01945301; -0.00799041; -0.03311880; -0.02695739; -0.02361102; -0.03271112; -0.02100654;  0.01294808;  0.03081471
  0.00932377;  0.02506520;  0.02557531;  0.01932424;  0.03517673;  0.01145549;  0.02032972;  0.00444825;  0.00421477;  0.02227586;  0.01295209
 -0.03099123; -0.03355086; -0.03108057; -0.01608159; -0.02227351; -0.03989311; -0.03562280; -0.04350371; -0.06979340; -0.05075805; -0.01976682
  0.00091569;  0.01957270;  0.00735304;  0.00116450;  0.00849979;  0.01358420;  0.03291814;  0.02157340;  0.00983965;  0.01808805;  0.01717236
  0.02168046;  0.02167566;  0.04778048;  0.03552296;  0.04263176;  0.02226870;  0.01277373;  0.00362467; -0.00932295; -0.01528675; -0.03696721
  0.04292221;  0.04497938;  0.03089903;  0.03427956;  0.04458741;  0.05256216;  0.03786575;  0.04852935;  0.04155744;  0.03887282; -0.00404939
  0.02670657;  0.03030204;  0.02462008;  0.02512424;  0.02889625;  0.02076999;  0.01888215;  0.02239974;  0.02871830;  0.04625294;  0.01954637
  0.02847164;  0.01984374;  0.02433882;  0.03408583;  0.03532461;  0.01594138;  0.04331001;  0.02794439;  0.00254026;  0.05470373;  0.02623209
  0.03191123;  0.04714294;  0.04303189;  0.03309108;  0.03642772;  0.05040201;  0.03858232;  0.02688148;  0.02135026;  0.02267517; -0.00923606
  0.04035928;  0.03895881;  0.02353228;  0.02172407;  0.02770418;  0.01739320;  0.02421419;  0.03234201;  0.04360718;  0.04564762;  0.00528835
  0.03544749;  0.05215712;  0.03369879;  0.02769250;  0.02177030;  0.03364069;  0.04148362;  0.04077574;  0.02621404;  0.08241345;  0.04696596
  0.00644701;  0.02005801; -0.00149700;  0.00914205;  0.01474824;  0.00821612; -0.00277005;  0.01683929;  0.02533009; -0.00324194; -0.00968895
  0.04313387;  0.04475073;  0.05581882;  0.05174896;  0.04341285;  0.03149287;  0.03855457;  0.01444345;  0.05640406; -0.03838436; -0.08151823
 -0.05106200; -0.03262302;  0.00056478; -0.01024813;  0.01561094;  0.00245640; -0.01116411; -0.01827531; -0.02379417; -0.01698105;  0.03408096
  0.06482244;  0.03014671;  0.06412154;  0.04681475;  0.03115018;  0.05843948;  0.02398718;  0.04009635;  0.04701619;  0.04461524; -0.02020720
  0.02787458;  0.01177403;  0.00669178;  0.02851657;  0.02420464;  0.01717523;  0.02398857;  0.01908961; -0.00754307; -0.00830724; -0.03618182
  0.00323139;  0.01236622;  0.03265919;  0.02864634;  0.01588886;  0.03754230;  0.02785438;  0.03720139;  0.04757539;  0.07117059;  0.06793919
  0.02085302; -0.00711054;  0.01637915;  0.02660778;  0.01180730; -0.00164484;  0.00240281;  0.02039777;  0.02935210;  0.05856568;  0.03771266
  0.01936135; -0.00289832;  0.01564292; -0.00093600;  0.02288698; -0.00148500;  0.01967189;  0.02119457;  0.01414628; -0.02072842; -0.04008977
  0.05823303;  0.01716968; -0.00077809;  0.02500846;  0.01956561;  0.02066175;  0.01296316;  0.02074024;  0.05151949;  0.01071769; -0.04751534
  0.04677957;  0.01627273;  0.04073103;  0.03327156;  0.01990407;  0.02649958;  0.01997600;  0.01712124;  0.01051256;  0.02428527; -0.02249430
 -0.01300970;  0.00403406;  0.03324392;  0.01040090; -0.00248200; -0.00651559; -0.00055612; -0.01317718; -0.03625925; -0.06749865; -0.05448895
 -0.06026787; -0.03995540; -0.04756708; -0.03787146; -0.03438532; -0.05641239; -0.05423224; -0.05080098; -0.07323027; -0.05404484;  0.00622302
  0.05682239;  0.01053206;  0.02062431;  0.01618962;  0.03388774;  0.03650842;  0.02293301;  0.03813140;  0.03759463;  0.06258878;  0.00576638
  0.07489223;  0.05688218;  0.05758947;  0.04398685;  0.05423358;  0.04601993;  0.04605152;  0.07067763;  0.06511780;  0.05497724; -0.01991500
  0.00548807;  0.02599166;  0.03703359;  0.01438685;  0.04587073;  0.02429915;  0.01461624;  0.02154404; -0.00887345; -0.00361073; -0.00909880
  0.05218099;  0.06573899;  0.05731129;  0.07706338;  0.07127086;  0.07968673;  0.07148664;  0.07552091;  0.06083944;  0.12274090;  0.07055991
  0.01026308; -0.01389235; -0.01334139; -0.01823602; -0.01236555; -0.01741788; -0.00494505; -0.02019819; -0.00626028; -0.02550154; -0.03576462
  0.06507834;  0.06583184;  0.06894746;  0.06823150;  0.07678563;  0.05717744;  0.02623032;  0.03718798;  0.05299119;  0.03268626; -0.03239208
 -0.02321630;  0.02006213; -0.00502994;  0.01549917;  0.00776521;  0.00620006;  0.00619810;  0.01266451;  0.00465763; -0.06105072; -0.03783441
 -0.06070887; -0.05082454; -0.04139274; -0.05521006; -0.05356863; -0.04547483; -0.00428028; -0.02797040; -0.05930251; -0.03868057;  0.02202830
  0.02305265;  0.05648762;  0.09783614;  0.05349866;  0.05740705;  0.05059520;  0.02315684;  0.02712689;  0.04222182;  0.08340036;  0.06034771
  0.08188703;  0.06608582;  0.06004138;  0.06151123;  0.04062743;  0.06938463;  0.06581927;  0.07219723;  0.10243713;  0.09475653;  0.01286950
  0.02201950;  0.05405489;  0.03558083;  0.06099286;  0.03899768;  0.04217766;  0.04272837;  0.03756476;  0.04589326;  0.03238105;  0.01036155
  0.11011735;  0.07071434;  0.08565318;  0.07310037;  0.06932588;  0.08890389;  0.06893279;  0.07159973;  0.08644533;  0.13956887;  0.02945152
 -0.01160540; -0.04407586; -0.05225057; -0.04960509; -0.04397596; -0.06892416; -0.02902508; -0.02567085; -0.01918603; -0.01739550; -0.00579011
  0.06464852;  0.07511072;  0.05315681;  0.05524224;  0.04545649;  0.06487134;  0.05674749;  0.05451348;  0.04173227;  0.05138584; -0.01326268
 -0.05266219;  0.00810201; -0.01128373; -0.03851826; -0.04592218; -0.04274141; -0.02343058; -0.04078163; -0.06131742; -0.05658000; -0.00391782
 -0.00945571;  0.05940676;  0.05552669;  0.03818091;  0.04141262;  0.04787030;  0.05089657;  0.01808705;  0.01112200;  0.04404364;  0.05349935
 -0.04236110;  0.01881480;  0.01124715;  0.02905834;  0.02645733;  0.03309934;  0.02479957;  0.02064050;  0.00791565; -0.04022813;  0.00213297
  0.02059475;  0.01070329;  0.01828552; -0.00809627;  0.00650349;  0.01686726; -0.01145796; -0.01813050;  0.01647597;  0.02775012;  0.00715538
  0.05551634;  0.05976390;  0.05858936;  0.07177898;  0.08209364;  0.05885207;  0.08202823;  0.07542176;  0.08248778;  0.11238202;  0.05686569
  0.05079316;  0.05576534;  0.05905958;  0.05107408;  0.05677699;  0.04827666;  0.03583023;  0.07756320;  0.00409291;  0.02413274; -0.02666041
  0.05205681;  0.00237352; -0.00231890; -0.00751957;  0.00085931;  0.01076902;  0.01136287; -0.00452042;  0.02932740;  0.04680386; -0.00525295
 -0.03395029; -0.01064775; -0.02201230;  0.00521652; -0.03963669; -0.02051985; -0.01006923; -0.01306328; -0.05159979; -0.04214083; -0.00819054
  0.02264703;  0.02646809;  0.03937537;  0.02812788;  0.06341474;  0.05142964;  0.01969217;  0.02731798; -0.00221902;  0.03791600;  0.01526897
 -0.01152310; -0.03446218; -0.01496657;  0.01348905; -0.02514363; -0.04413573;  0.00175141; -0.04278095;  0.01817721; -0.00557774;  0.00594536
 -0.14683866; -0.16417635; -0.14297918; -0.15613497; -0.17043671; -0.11362909; -0.12918425; -0.16060722; -0.15601098; -0.18293168; -0.03609302
  0.10423031;  0.08339297;  0.06451808;  0.06844680;  0.07010618;  0.04247260;  0.06825253;  0.01717691;  0.08856596;  0.13113030;  0.02689999
  0.06870926;  0.04588959;  0.06119784;  0.08509677;  0.06751830;  0.08812129;  0.07828657;  0.10294954;  0.08702021;  0.08898070;  0.02027144
  0.04706922;  0.08399275;  0.06455957;  0.07226433;  0.08404397;  0.04845889;  0.03674230;  0.03525958;  0.10042601;  0.06626334;  0.01919411
  0.06944351;  0.11110287;  0.05832075;  0.07395883;  0.05932246;  0.02965897;  0.05318537;  0.02888219;  0.07113282;  0.10360010;  0.03415659
  0.07214672;  0.00727852;  0.07423738; -0.00890865;  0.01909757;  0.02396464;  0.08405515;  0.01571344;  0.01216928;  0.12247401;  0.05032729
 -0.03457411; -0.02272706; -0.05537259; -0.01465535; -0.05281451; -0.04385260; -0.03705531; -0.03297082; -0.01496820; -0.01371456;  0.02085955
  0.06946588;  0.00221645;  0.05219213;  0.00751288;  0.01433611;  0.04738192;  0.02197429;  0.07317433;  0.01449910;  0.06475070; -0.00471519
 -0.01373480;  0.03253622; -0.01540677;  0.06579905;  0.03211639;  0.03648006;  0.04055877;  0.10646197;  0.07503550;  0.07539894;  0.08913374
 -0.01231553; -0.02022165; -0.00229805; -0.01043843; -0.01000164; -0.04022752; -0.03568519;  0.00512430; -0.03266376; -0.01952379; -0.00720826
  0.02850555;  0.04395448;  0.06011341;  0.03835751;  0.05242409;  0.05475132;  0.04077317;  0.07705431;  0.04155383;  0.07198643;  0.04348088
 -0.03377707; -0.02590534; -0.03695557; -0.03323295; -0.02871255;  0.00426033; -0.03157686; -0.01151849; -0.06407453; -0.04982662; -0.01604955
 -0.01155615; -0.05156051;  0.00709402; -0.01652234; -0.01493291;  0.00954460;  0.02364538; -0.00444334; -0.00392832; -0.01560718; -0.00405103
  0.01206389; -0.02959869; -0.01948482; -0.03613031; -0.01109312; -0.02988979; -0.06693062; -0.04433999; -0.05153467; -0.01844871; -0.03051260
  0.05763309;  0.08384817;  0.04945622;  0.06141721;  0.04853568;  0.07855006;  0.04391286;  0.02261797;  0.10675087;  0.14664050;  0.08900741
  0.07919545;  0.00948327;  0.00132652; -0.03084311;  0.04588695; -0.00492185;  0.01711851;  0.05524976;  0.03746475;  0.06169767; -0.01749778
  0.08431490; -0.03574256;  0.12561112; -0.02018882;  0.05243204;  0.06872057;  0.04648959;  0.11315665;  0.06259460;  0.12852692;  0.04421202
 -0.06427236; -0.01008374; -0.07741898;  0.03566199; -0.07633345; -0.03697483; -0.03472823; -0.02021484; -0.03244125; -0.05310063;  0.01117172
  0.07346093;  0.00970855; -0.03008735; -0.06022962; -0.03865403; -0.01489096; -0.05081536;  0.04053724; -0.00395673;  0.08232887;  0.00886795
  0.04605880;  0.05459508;  0.12083123;  0.06414334;  0.13937494;  0.13811545;  0.06861153;  0.09776510;  0.06996068;  0.04459638; -0.00146242
 -0.04145814;  0.04241284; -0.14315851;  0.03627453; -0.00165893; -0.02077580; -0.01600401; -0.02321392; -0.03702367; -0.08484688; -0.04338874
 -0.06540454; -0.00770279; -0.04193260;  0.04690271;  0.01636882; -0.05795273; -0.01764851; -0.02737512; -0.01005398; -0.09184105; -0.02643651
  0.07127073;  0.12103979;  0.07496718; -0.02083936;  0.00441986;  0.04325524; -0.00137044;  0.00135855; -0.00752308;  0.03702545; -0.03424527
 -0.07267378; -0.01247430; -0.04925439;  0.02112549; -0.01003731;  0.00534428;  0.01664239; -0.02613675;  0.05175669;  0.03726105;  0.10993483
  0.10773917;  0.07984934;  0.03613244;  0.05686876;  0.06401648;  0.04106582;  0.07197103;  0.05498583;  0.06666211;  0.09815458; -0.00958459
 -0.04776761;  0.01838218; -0.01863185;  0.02732774;  0.02798570; -0.05394951; -0.04133202; -0.16812337; -0.07377299; -0.08626859; -0.03850098
 -0.07637695; -0.01093339;  0.02897293;  0.04646303;  0.01241878;  0.01126555;  0.00012987;  0.02030235; -0.00171157; -0.05368866;  0.02268829
 -0.10315693; -0.07161463; -0.07536821; -0.00543573; -0.06012165; -0.04265332; -0.07009106; -0.07287243; -0.11303892; -0.13980009; -0.03664315
  0.02212893;  0.03601594; -0.01726490;  0.05025838;  0.01255024; -0.02158603; -0.02470076; -0.00423230;  0.08941981;  0.03464443;  0.01251550
  0.04583449; -0.06739209;  0.00688442;  0.01327282; -0.00856202;  0.02143042;  0.04513887;  0.06947530;  0.09452515;  0.11301039;  0.06717590
 -0.13913581; -0.00727348; -0.05477600; -0.05948797; -0.03922707; -0.05148583; -0.06869353; -0.06770875; -0.15764015; -0.09503094;  0.04410488
 -0.10317966; -0.06027888; -0.05351437; -0.08376386; -0.03562255; -0.01945498; -0.02615927; -0.04365411; -0.07585040; -0.02824369;  0.07493597
  0.09699001;  0.05430395;  0.03800512;  0.09800599;  0.05145172;  0.05368826;  0.08359933;  0.03256014;  0.10853937;  0.10419624;  0.00720623
 -0.00413422;  0.02256141; -0.00003006;  0.02189114;  0.01598406;  0.01567179;  0.01140803;  0.01265106;  0.00041224;  0.02411553;  0.02824975
 -0.03074744; -0.02788904; -0.02918094;  0.00155956; -0.01902050; -0.01528161; -0.01937087; -0.01438134; -0.01164541; -0.02210806;  0.00863938
 -0.04180772;  0.00989891;  0.05439107; -0.03751678; -0.02978044; -0.00381156;  0.00662447; -0.00098358; -0.01245671; -0.00240062;  0.03940709
 -0.09008503; -0.04125239; -0.06262508; -0.06489783; -0.04403729; -0.05865506; -0.05931561; -0.02488578; -0.06035860; -0.04090786;  0.04917717
 -0.05234091; -0.02881069; -0.05110773; -0.06602901; -0.09921549; -0.08067703; -0.06170467; -0.09421377; -0.17062328; -0.14848779; -0.09614687
  0.01039459;  0.02030813; -0.01358039;  0.02820006;  0.02018563; -0.02002665;  0.03511823;  0.03502745;  0.07469569;  0.04475678;  0.03436219
  0.06943399;  0.04565112;  0.06159844;  0.08055528;  0.09077872;  0.04680192;  0.06170163;  0.07052729;  0.12940007;  0.10346759;  0.03403360
 -0.03839682;  0.00654775;  0.03264446;  0.01082581;  0.02725427;  0.03022215;  0.04499280;  0.01641974;  0.00178174;  0.02993039;  0.06832721
 -0.00522791; -0.02816949; -0.01365550; -0.01115831; -0.00156729; -0.00160181; -0.01789365; -0.02203236;  0.02975709; -0.01904684; -0.01381893
 -0.04637468; -0.01230960;  0.00415461; -0.03427652; -0.01470231; -0.00053677;  0.00306257;  0.00297790; -0.03567827; -0.02761845;  0.01875624
 -0.00081034;  0.02403002;  0.01895487;  0.03589488;  0.04548086;  0.03141537;  0.06577345;  0.06917985;  0.07426858;  0.08986913;  0.09067946
 -0.10165500; -0.05109971; -0.03359718; -0.05635335; -0.05376910; -0.05463472; -0.05322258; -0.01401340; -0.03609623; -0.04979481;  0.05186019
 -0.05326087;  0.00273415; -0.02814427; -0.00335970;  0.00063526; -0.00367743; -0.00335909;  0.00371672; -0.00821584; -0.00145084;  0.05181003
 -0.07313364; -0.07651083; -0.09314513; -0.05859048; -0.05673249; -0.05049555; -0.04604921; -0.04016799; -0.10756789; -0.08416374; -0.01103010
 -0.06691569; -0.07595435; -0.07544627; -0.09439578; -0.01170725; -0.09080378; -0.08946486; -0.09476096; -0.08508061; -0.12513365; -0.05821796
  0.01045002; -0.00042314;  0.00971402;  0.02008433; -0.00872619;  0.03177944;  0.00537396;  0.00373881; -0.02328750;  0.01694226;  0.00649224
 -0.09673842; -0.08864816; -0.07528800; -0.12002880; -0.11233936; -0.09943668; -0.10843219; -0.09194522; -0.12883952; -0.11043232; -0.01369389
  0.09987351;  0.07798339;  0.06976938;  0.12679462;  0.02866198;  0.09864057;  0.08493632;  0.03343740;  0.09027517;  0.13612011;  0.03624659
  0.05635189;  0.06061906;  0.00894089;  0.06087119;  0.04476469;  0.04150067;  0.05897546;  0.06121783;  0.12291515;  0.08765531;  0.03130342
 -0.05424875; -0.04285598; -0.04731168; -0.06636196; -0.04594481; -0.04827197; -0.04773181; -0.05336228; -0.10335908; -0.06742520; -0.01317645
 -0.00951377; -0.05588240; -0.03177554; -0.03879107; -0.03564385; -0.01919362; -0.00837215; -0.03060321; -0.02310521; -0.03704262; -0.02752884
 -0.02786121; -0.02773059; -0.02259073; -0.04822099; -0.00006552; -0.00529310; -0.01026304;  0.00368709; -0.01890534; -0.01844049;  0.00942072
  0.01462834;  0.01232468;  0.02831179; -0.00854362;  0.02945959;  0.01324972;  0.00190030; -0.00180869;  0.00357156;  0.01486658;  0.00023824
  0.07567659;  0.07145494;  0.06812256;  0.10281009;  0.07145707;  0.09348397;  0.06518619;  0.06115209;  0.11311602;  0.11517629;  0.03949970
  0.04697185;  0.06315245;  0.03881993;  0.07988431;  0.03260217;  0.04457881;  0.06990764;  0.08518899;  0.05690963;  0.05520647;  0.00823462
  0.04334904; -0.00002313;  0.00646511;  0.01732284;  0.01571554; -0.00133768;  0.00570061;  0.00670322;  0.00610534;  0.03485507; -0.00849397
 -0.01340183;  0.02100160; -0.00934079;  0.02249334;  0.02769590;  0.01237170;  0.03711156;  0.06029445;  0.05550497;  0.05677300;  0.07017482
 -0.00537256;  0.02610672;  0.00626719; -0.00926216;  0.03716355;  0.03020988;  0.03190879;  0.05464102;  0.02584592;  0.03558110;  0.04095366
 -0.02368250; -0.02627226;  0.00736207;  0.00384150; -0.01962565;  0.00456128; -0.01187494; -0.03062295; -0.00413268; -0.03221688; -0.00853438
  0.04443021;  0.04283966;  0.02866950;  0.04613096;  0.07627607;  0.04203879;  0.05624941;  0.10712840;  0.09529168;  0.06200403;  0.01757381
  0.02049088;  0.01522394;  0.00057179;  0.00399521; -0.00652919;  0.01145137;  0.01729631;  0.01934800;  0.01337438;  0.02437700;  0.00388611
  0.05130606;  0.03798679;  0.05086447;  0.06358972;  0.00652048;  0.05137246;  0.06704813;  0.02958346;  0.05218902;  0.04767836; -0.00362770
  0.04801765;  0.02153505;  0.02032339;  0.01705055;  0.04257484;  0.01897299;  0.01321588; -0.00485515;  0.00841909; -0.00733461; -0.05535226
  0.00952809; -0.01028448;  0.04269879;  0.00919426;  0.00812495;  0.00270290;  0.02663594;  0.00488309;  0.02758724;  0.02931209;  0.01978400
 -0.02512652; -0.02070793; -0.01320456; -0.02163085; -0.02001231;  0.00289293;  0.00032345; -0.00971281; -0.00544012;  0.00073217;  0.02585869
 -0.00517629; -0.01349398; -0.01928894; -0.00499401; -0.01527954; -0.03404188; -0.02071154; -0.02366320; -0.01539384; -0.02459487; -0.01941858
  0.02323880;  0.00497148; -0.00314692;  0.01232652;  0.01122739;  0.02873176;  0.00896957;  0.02906388;  0.01501951;  0.02847672;  0.00523792
  0.00910226;  0.00921869; -0.00390414;  0.01839150;  0.03225761;  0.03798263;  0.01740381;  0.01938527;  0.03050038;  0.03239352;  0.02329126
 -0.10653500; -0.04241002; -0.02726616; -0.02137826; -0.02840643; -0.06165048; -0.02855237; -0.04509404; -0.01280234; -0.03066620;  0.07586880
 -0.03058578; -0.00040098;  0.00730097;  0.01141044; -0.00034192; -0.00220433;  0.01692244; -0.01940195;  0.01086266;  0.02482440;  0.05541018
  0.03405273; -0.01252577;  0.01018890;  0.00291034;  0.02270849;  0.01147465;  0.00870628;  0.01685382;  0.04435778;  0.03647893;  0.00242620
  0.02059115;  0.00556072;  0.00598044;  0.02070661;  0.01538181;  0.01990605;  0.01486500;  0.02131189;  0.00446866;  0.01925525; -0.00133590
  0.05714967;  0.02559737;  0.02879051;  0.04264022;  0.05365013;  0.03187132;  0.04094887;  0.04374070;  0.06247243;  0.06896553;  0.01181586
  0.05303360;  0.03748457;  0.03099174;  0.03917911;  0.04376903;  0.03994486;  0.03149188;  0.03348689;  0.01142685;  0.02024057; -0.03279303
 -0.05594682; -0.04113213; -0.02952640; -0.02026829; -0.01104382; -0.01604830; -0.02641697; -0.03155370; -0.00589090; -0.01758643;  0.03836039
  0.02051074;  0.00564919; -0.00114944;  0.00296995;  0.01734483;  0.03635472;  0.01141313;  0.02960309;  0.05215081;  0.06620196;  0.04569122
 -0.01135512;  0.00148863; -0.03475058; -0.01407087; -0.01584039; -0.01757993; -0.01969443; -0.02441966; -0.02358558; -0.00994957;  0.00140555
  0.00413179;  0.00178500; -0.04220897; -0.01586239; -0.01154940; -0.01629387; -0.03376701; -0.04240002; -0.03618495; -0.04795235; -0.05208414
  0.03974841;  0.03578985;  0.03330953;  0.03868611;  0.02507426;  0.02822625;  0.06178635;  0.04448415;  0.04139349;  0.04531962;  0.00557121
  0.00541382;  0.00475860;  0.01092869;  0.00639751;  0.00009835; -0.01136968;  0.01083689; -0.00776917;  0.02515970;  0.04892665;  0.04351283
  0.04444368;  0.01607191;  0.06523126;  0.04728014;  0.03066026;  0.03320765;  0.04112922;  0.05385551;  0.05035301;  0.06673194;  0.02228825
 -0.00731168; -0.00856645; -0.02417951; -0.01680110; -0.00298962; -0.00355761; -0.02461928; -0.01057325;  0.00330841;  0.01637562;  0.02368731
  0.00393143; -0.00586586;  0.00635276;  0.00333021;  0.01919006;  0.00460230;  0.00359340;  0.01480607;  0.01565130;  0.03603186;  0.03210042
 -0.01264860; -0.00948507; -0.01296409; -0.00431290; -0.02173431; -0.02662865; -0.01868129;  0.00054707; -0.03107243; -0.05698250; -0.04433390
  0.04125453;  0.01890695;  0.04934611;  0.02717232;  0.04670719;  0.06301681;  0.03550320;  0.03222139;  0.03132494;  0.04651083;  0.00525630
  0.01344757;  0.00486205; -0.00352602; -0.00146557;  0.00126669; -0.01988980; -0.00564476;  0.01578416;  0.00351025;  0.01113188; -0.00231570
  0.04630891;  0.04572390;  0.02651305;  0.01368083;  0.01395125;  0.00928487;  0.05665411;  0.03537953;  0.04071496;  0.07218228;  0.02587337
  0.00780114;  0.01424598;  0.01349507; -0.00351493;  0.00832960;  0.00814574; -0.01359588; -0.00112236; -0.00300768; -0.01078541; -0.01858655
  0.01504656;  0.00479334;  0.01069227;  0.00648883;  0.00261634;  0.01674221;  0.01543161;  0.02418247;  0.05145117;  0.02506219;  0.01001562
 -0.00088798;  0.01125151; -0.01168315; -0.00257449;  0.00642900;  0.01619095;  0.02996206;  0.01993564;  0.00691870;  0.01426247;  0.01515045
 -0.06762977; -0.03562953; -0.02547273; -0.03831782; -0.02533962; -0.03084593; -0.02989826; -0.02362964; -0.03127447; -0.04066144;  0.02696833
 -0.02648435;  0.00518512;  0.00619487;  0.00156667; -0.00590739;  0.00128694; -0.00725841;  0.01426686; -0.00343753;  0.00884483;  0.03532918
 -0.08736920;  0.01225050;  0.00223800;  0.00091713;  0.00879370;  0.01163907;  0.00759154;  0.00622129; -0.02101744; -0.03380617;  0.05356303
  0.05997977;  0.04126685;  0.01934190;  0.03961626;  0.00326028;  0.02936008;  0.01095046;  0.01177932;  0.03195297;  0.01954390; -0.04043587
  0.00932515;  0.02363554;  0.04372316;  0.03384308;  0.02358702;  0.02713080;  0.01313750;  0.00822728;  0.01882984;  0.00320469; -0.00612046
  0.00736654;  0.01856446;  0.02769724;  0.03782212;  0.04242860;  0.02743337;  0.04153624;  0.03345783;  0.03012995;  0.05553332;  0.04816679
  0.02320224;  0.01066420; -0.00595836;  0.00947709;  0.01479153;  0.01441183;  0.03556306;  0.03398741;  0.04006854;  0.03999450;  0.01679226
 -0.00272752;  0.01932454;  0.01326914;  0.02678868;  0.00794716;  0.01114454;  0.00421639;  0.01546288;  0.01228628; -0.01217131; -0.00944379
  0.01874137;  0.02682078;  0.01810323;  0.01529394;  0.01252510;  0.02144088;  0.00887662;  0.01508430;  0.01103122;  0.03322261;  0.01448124
 -0.01760636; -0.01378846; -0.01935795; -0.02348103; -0.01777957; -0.01320425; -0.01075747; -0.00697649; -0.01622050;  0.01247086;  0.03007722
  0.00745918;  0.00231079;  0.00104761;  0.00354150;  0.00843989;  0.00164848;  0.02453405;  0.00711382;  0.03020379;  0.03101952;  0.02356034
  0.03587080;  0.04617567;  0.04579976;  0.03852436;  0.03595155;  0.04315817;  0.04239748;  0.04530943;  0.03980043;  0.04434316;  0.00847236
  0.05054771;  0.03792309;  0.02789298;  0.02270200;  0.02754165;  0.03766767;  0.04284928;  0.04232944;  0.04095430;  0.07537736;  0.02482965
 -0.03057280; -0.03190552; -0.03006886; -0.02238923; -0.01694509; -0.01677127; -0.01276585; -0.01563574;  0.01590325; -0.01568493;  0.01488787
 -0.03833585; -0.03334496; -0.06795269; -0.04232580; -0.04228716; -0.02996573; -0.01332539; -0.03006490; -0.01382148; -0.00832328;  0.03001257
  0.02052363;  0.01682838;  0.00251867;  0.02279962;  0.02152917;  0.02230283;  0.01257254;  0.00791606;  0.00884912;  0.00347861; -0.01704502
  0.01898764;  0.02916551;  0.01194448;  0.02310660;  0.03239233;  0.03215789;  0.04846869;  0.04286147;  0.05432275;  0.05274456;  0.03375692
  0.00490729;  0.03058232;  0.01304838;  0.03331174;  0.00567853;  0.01201751;  0.01079611;  0.01182016;  0.02229657;  0.06018366;  0.05527637
 -0.05960828; -0.03673366; -0.04950537; -0.03779289; -0.05785455; -0.04133042; -0.02923128; -0.05958129; -0.03798385; -0.04775140;  0.01185688
 -0.01815626; -0.02984241; -0.02801199; -0.00280569; -0.01027174; -0.01320540;  0.01420555; -0.01694462;  0.00450528;  0.03200492;  0.05016117
 -0.02786105; -0.01944961; -0.04684882; -0.06952762; -0.01507805; -0.05587355; -0.06421589; -0.06241729; -0.07386008; -0.15250783; -0.12464677
 -0.04562370; -0.02244639; -0.05172048; -0.04228151; -0.04482204; -0.03111483; -0.03853489;  0.00445577;  0.01610027; -0.03991486;  0.00570883
 -0.03366579;  0.00955421; -0.02915751; -0.02336398; -0.00192728;  0.03412394; -0.01228238;  0.00205369; -0.01718679;  0.02854025;  0.06220604
  0.02290676;  0.00111711;  0.05175728;  0.04483693;  0.03046198;  0.01286540;  0.04827874;  0.06086078;  0.07952898;  0.13141204;  0.10850528
  0.01226016;  0.04162637; -0.00820161;  0.00006584;  0.00383565;  0.01776430; -0.00620146;  0.04445127;  0.06630847;  0.07950354;  0.06724338
 -0.11842024; -0.07283859; -0.11643748; -0.10132011; -0.08963328; -0.08289257; -0.06998844; -0.06580123; -0.05284733; -0.06299539;  0.05542485
  0.02831350;  0.07867216;  0.02915046;  0.00983269;  0.04063585;  0.01454428; -0.02073330; -0.03062224; -0.07146237; -0.06174567; -0.09005918
  0.00590946;  0.03433366;  0.03170850;  0.01636886;  0.01988833;  0.01383814;  0.02005427;  0.01017844;  0.00767880;  0.02138015;  0.01547069
 -0.09998197; -0.06692966; -0.05116895; -0.06046763; -0.03704025; -0.06799247; -0.08481897; -0.11084470; -0.16276400; -0.22727659; -0.12729462
 -0.14853337; -0.14431760; -0.14024391; -0.16987924; -0.17419256; -0.15374267; -0.15918160; -0.18136002; -0.22548467; -0.22612964; -0.07759627
 -0.07469551; -0.10367766; -0.07975178; -0.08042287; -0.11441565; -0.06269924; -0.04219951; -0.04729837; -0.08870831; -0.13519339; -0.06049788
  0.07338722;  0.04098391;  0.01573701;  0.02084631;  0.01286397;  0.02500469;  0.01204190; -0.00106556; -0.01069256; -0.00397019; -0.07735741
 -0.07422248; -0.16507958; -0.08850767; -0.08523813; -0.07665260; -0.10627434; -0.08319677; -0.05670168; -0.03574679; -0.02629890;  0.04792359
 -0.10533302; -0.15020798; -0.08934352; -0.10977976; -0.06672987; -0.10084887; -0.08065060; -0.09149270; -0.14182920; -0.10215977;  0.00317325
  0.12587564;  0.12756002;  0.08339765;  0.08850315;  0.06770150;  0.11518800;  0.09557775;  0.06243921;  0.07773369;  0.08858277; -0.03729287
  0.11298778;  0.13268081;  0.05617320;  0.08896129;  0.07344060;  0.13667295;  0.11410925;  0.05275837;  0.10719258;  0.14526651;  0.03227874
  0.07014404;  0.09557013;  0.02363824;  0.04192580;  0.03124122;  0.03525843;  0.02453070;  0.03237480;  0.06056695;  0.11625561;  0.04611157
  0.00370032; -0.00393902;  0.02611542;  0.01954718; -0.00276949;  0.01551167;  0.00829360;  0.00992616; -0.01579870; -0.03538268; -0.03908300
  0.08514240;  0.07844312;  0.07988222;  0.07585178;  0.08389485;  0.07929562;  0.06482041;  0.06425042;  0.07170203;  0.09938062;  0.01423822
  0.04790592;  0.07723468;  0.00840369;  0.02596127;  0.03668880;  0.04193476;  0.02300855;  0.01987154;  0.03220286;  0.02172394; -0.02618198
  0.02381193;  0.02676512;  0.02949572;  0.04937529;  0.01774500;  0.02719469;  0.03696759;  0.02540231;  0.05499379;  0.08798716;  0.06417523
 -0.07725997; -0.03343264; -0.01953426; -0.01733906; -0.01153464; -0.06253873; -0.02386812; -0.00712329; -0.00962830; -0.00946576;  0.06779421
  0.05032635;  0.06542445;  0.05541380;  0.05806202;  0.06423870;  0.05580571;  0.06468106;  0.05981842;  0.03858699;  0.04247812; -0.00784823
  0.04421697; -0.00024285;  0.03302014;  0.02341296;  0.02843302;  0.01033990;  0.02803378; -0.00208951;  0.04250654;  0.04954517;  0.00532820
 -0.02508194; -0.01542458; -0.01033704; -0.01854584; -0.05588611; -0.04865723; -0.04505651; -0.04720864; -0.05361924; -0.03814208; -0.01306015
  0.05196990;  0.02980478;  0.02146405;  0.02804543;  0.03840295;  0.02896342;  0.03698048;  0.03500605;  0.03304903;  0.05439054;  0.00242064
  0.09596247;  0.07822766;  0.04894856;  0.04632535;  0.06881038;  0.06116398;  0.06406350;  0.06110113;  0.06893421;  0.03562987; -0.06033260
  0.02136131;  0.01869092;  0.01154999;  0.01303363;  0.01838839;  0.01228676;  0.00727513;  0.03037375;  0.04225557;  0.02204637;  0.00068506
 -0.08192882; -0.08956071; -0.08113959; -0.07395109; -0.07739960; -0.06882714; -0.07444928; -0.07053769; -0.08361226; -0.10989227; -0.02796346
 -0.09219904; -0.08540866; -0.05005223; -0.04806393; -0.05995096; -0.05939772; -0.04674984; -0.04313295; -0.06304520; -0.08276438;  0.00943466
  0.07747603;  0.04291995;  0.07126007;  0.05701388;  0.07078559;  0.06826577;  0.08491335;  0.06737039;  0.09292826;  0.11311774;  0.03564170
 -0.07710851; -0.07223132; -0.03462854; -0.04267660; -0.06018129; -0.04983116; -0.05246647; -0.02727404; -0.05264389; -0.03581922;  0.04128929
  0.10349985;  0.09721120;  0.10290076;  0.07655376;  0.09443888;  0.09157153;  0.09654011;  0.09237533;  0.10351775;  0.12742872;  0.02392887
  0.03020799;  0.00494042;  0.04697815;  0.03571712;  0.03212142;  0.05680069;  0.04454358;  0.03867033;  0.04255188;  0.05520608;  0.02499808
  0.01567154;  0.00273082; -0.01756745; -0.01225444; -0.00630169;  0.00419702; -0.00716893;  0.03386944;  0.01788769;  0.03797316;  0.02230162
  0.09282421;  0.08689673;  0.06581051;  0.06236930;  0.05542225;  0.05429269;  0.06772798;  0.05459367;  0.09484498;  0.11762511;  0.02480090
  0.00321644;  0.03101754;  0.02223559;  0.01870646;  0.00959785;  0.00814106;  0.04843683;  0.00715446;  0.03848662;  0.01386997;  0.01065353
  0.04534547;  0.03548453;  0.02026935;  0.04036494;  0.01745873;  0.03708358;  0.03851946;  0.04465092;  0.04700276;  0.03467321; -0.01067225
  0.00701100;  0.00305576; -0.00105168;  0.00014475; -0.00879390;  0.00126426;  0.00333187;  0.02298358;  0.02316358;  0.00863664;  0.00162564
  0.05579288;  0.00883219;  0.02353468;  0.03425447;  0.03937831;  0.03413725;  0.03147734;  0.02826506;  0.01324821; -0.00186683; -0.05765972
 -0.01679392; -0.01498356; -0.00568905; -0.00197470;  0.00675716; -0.01530724; -0.01449899; -0.02904932; -0.02583301; -0.03987950; -0.02308559
 -0.00919091; -0.01940987; -0.01015984; -0.02061337; -0.01827555; -0.01579915; -0.02360940; -0.02005538; -0.00528178; -0.02339754; -0.01420663
 -0.00913965; -0.02814341; -0.01723996; -0.02631739; -0.02819804; -0.03485600;  0.00325361; -0.03866068; -0.01897942; -0.01319589; -0.00405624
 -0.08464549; -0.07136649; -0.05793028; -0.04965249; -0.02651317; -0.05737076; -0.04852633; -0.05259080; -0.08074448; -0.12538754; -0.04074205
 -0.09406850; -0.09525694; -0.05857014; -0.06657450; -0.04580223; -0.05047744; -0.05117890; -0.08507824; -0.13110691; -0.16766749; -0.07359900
  0.11935637;  0.12029593;  0.09496820;  0.10035039;  0.09481043;  0.10366979;  0.10095919;  0.12621058;  0.15220129;  0.20777025;  0.08841387
 -0.03959367; -0.02502655; -0.01299644;  0.01028928;  0.00833830; -0.00068240;  0.00127836;  0.00144700;  0.00261442; -0.01006332;  0.02953035
 -0.02711934;  0.02692274; -0.00490041;  0.02136330;  0.01247917;  0.02388167;  0.02077317;  0.00920875; -0.01069235; -0.03930754; -0.01218820
  0.10743873;  0.06899877;  0.03679346;  0.05556236;  0.02939811;  0.05441344;  0.03270302;  0.04390708;  0.06090223;  0.08376002; -0.02367872
  0.04162794;  0.03581183;  0.04330091;  0.03339778;  0.03080780;  0.02683171;  0.02680503;  0.07394408;  0.06045821;  0.07139696;  0.02976903
  0.07158978;  0.04001221;  0.04649080;  0.03203339;  0.03476830;  0.02000060;  0.02661021;  0.02088544;  0.00935722;  0.00882901; -0.06276077
 -0.01345805; -0.01209240; -0.01517442; -0.00591430; -0.00639611; -0.00273904; -0.01206073; -0.00208421; -0.00606897; -0.00768004;  0.00577801
 -0.11517230; -0.06226926; -0.06338231; -0.04992551; -0.05443658; -0.06717084; -0.04178946; -0.04679234; -0.07784336; -0.11565571; -0.00048341
  0.04494167;  0.03893503;  0.03749767;  0.04247976;  0.02338288;  0.04244315;  0.05610400;  0.03429014;  0.03053456;  0.04634689;  0.00140522
 -0.01560225;  0.00990965;  0.01173386; -0.00256983;  0.01472266;  0.00447491;  0.01259809;  0.02732930;  0.00156342; -0.01257680;  0.00302545
  0.06040024;  0.02966274;  0.03524978;  0.02326513;  0.01859830;  0.00610039;  0.01603678;  0.03347135;  0.01071126;  0.05907196; -0.00132828
  0.03881345;  0.02667088;  0.03665077;  0.02077558;  0.02373460;  0.00936087;  0.03767638;  0.01985720;  0.03292816;  0.01210928; -0.02670416
 -0.01665200; -0.02056146; -0.02483069; -0.00500223; -0.01298353; -0.00363340; -0.01273624; -0.04697867;  0.01449391; -0.01659250;  0.00005951
  0.01973133;  0.00774950;  0.01311425;  0.00454239;  0.01902965; -0.00389003; -0.00226503; -0.00413751;  0.01612894; -0.00091391; -0.02064524
  0.03007537;  0.02775665;  0.02591431;  0.01805588;  0.00791635;  0.01070331; -0.00178101; -0.01694773;  0.02521011;  0.04408812;  0.01401274
  0.08553153;  0.07967976;  0.05773190;  0.05155301;  0.06158526;  0.07085355;  0.05258006;  0.00790888;  0.06107729;  0.06000521; -0.02552632
  0.00114889;  0.01513155;  0.01086234;  0.01914192;  0.02439369;  0.01384506;  0.01465748;  0.00402879;  0.01374722; -0.00549490; -0.00664380
  0.04792938;  0.03009719;  0.03875745;  0.04677347;  0.05164357;  0.05008056;  0.02898549;  0.03076468;  0.02689611;  0.05382108;  0.00589170
  0.01118651;  0.02033430;  0.01206467;  0.02809045;  0.02067183;  0.02011469;  0.01214524;  0.01743372;  0.00155743; -0.00974725; -0.02093377
  0.05778288;  0.06020988;  0.02893631;  0.04598260;  0.01951730;  0.01745260;  0.01510344;  0.01390132;  0.00565111;  0.06115698;  0.00337410
  0.00555451; -0.01718883; -0.02109178; -0.01607378; -0.01175504; -0.00601437; -0.00271620; -0.03114515;  0.00456819; -0.00941704; -0.01497155
  0.06837985;  0.06309433;  0.04569410;  0.05502424;  0.05234345;  0.04078512;  0.05241544;  0.07235091;  0.05683225;  0.07058092;  0.00220108
 -0.03165338; -0.04136923; -0.03286813; -0.02045027; -0.03638796; -0.03517667; -0.03617548; -0.00870428; -0.01646333; -0.01842151;  0.01323187
  0.07204672;  0.04853981;  0.03010684;  0.03309509;  0.03526801;  0.04517163;  0.02131633;  0.02052999;  0.04825077;  0.05369789; -0.01834883
  0.05993408;  0.02577213;  0.04249526;  0.03742778;  0.04618918;  0.05384633;  0.04040965;  0.04349555;  0.05007093;  0.03895458; -0.02097950
  0.05393619;  0.05785451;  0.03444588;  0.04031257;  0.02848212;  0.02257258;  0.03303042;  0.02774138;  0.01814986;  0.02495092; -0.02898527
  0.03033544;  0.02879475;  0.03815337;  0.02867065;  0.00575318;  0.02929742;  0.02372667;  0.02288404;  0.01997385;  0.03005935; -0.00027609
 -0.03592413; -0.04700682; -0.03056544; -0.04883378; -0.04145423; -0.02819480; -0.03265885; -0.03621699; -0.03417000; -0.01038602;  0.02553811
  0.05936508;  0.05979567;  0.06063865;  0.05112543;  0.04250807;  0.03654032;  0.04559358;  0.03104266;  0.04512410;  0.05004292; -0.00932216
 -0.00866457; -0.00756093;  0.00355158;  0.01898879;  0.00693495;  0.00584836;  0.03050824;  0.01756455; -0.00936292;  0.01503854;  0.02370310
  0.00026862; -0.01933419;  0.00412158;  0.01187066; -0.00787021; -0.00389920;  0.00703006;  0.01209671;  0.01232497; -0.04968753; -0.04995614
  0.02619873;  0.02804365;  0.03017326;  0.02292850;  0.01825034;  0.02165204;  0.02046069;  0.01363375;  0.00704571;  0.02622371;  0.00002498
  0.03094382;  0.03688103;  0.02731967;  0.02089505;  0.02837266;  0.02083785;  0.02696541;  0.00596682;  0.02266665;  0.04478892;  0.01384509
 -0.03823660; -0.02982320; -0.02250354; -0.00892699; -0.01448159; -0.02672347; -0.01943262; -0.01340277; -0.01235488; -0.04600598; -0.00776938
  0.03422816;  0.05496071;  0.04593660;  0.04252186;  0.04211228;  0.03419005;  0.03663972;  0.04217436;  0.04999995;  0.03663469;  0.00240653
 -0.05063874; -0.02968394; -0.02404817; -0.01746768; -0.01578940; -0.01821198; -0.00901953; -0.01379219; -0.01122796; -0.03615149;  0.01448725
  0.00965168;  0.03017293;  0.01428062;  0.03723524;  0.03097148;  0.02915048;  0.02408512;  0.02871282;  0.01993873;  0.05598398;  0.04633230
  0.03648840;  0.02131557;  0.02812322;  0.04681269;  0.02525157;  0.00852865;  0.03565283;  0.02345488;  0.02206248;  0.02283083; -0.01365758
 -0.00709192;  0.01584942;  0.00871886; -0.00839276; -0.00575493;  0.02035176; -0.00324090; -0.01485312; -0.01361353;  0.02031611;  0.02740803
 -0.02896646; -0.03782444; -0.04388778; -0.01247695; -0.03640576; -0.03032102; -0.03553791; -0.02632345; -0.02378285; -0.04675862; -0.01779216
  0.08478255;  0.07995408;  0.07344069;  0.07024563;  0.06290573;  0.04683154;  0.04202857;  0.04631488;  0.05840444;  0.06934903; -0.01543352
 -0.01453425; -0.01138417; -0.01839996; -0.02263477; -0.01411613; -0.00863447; -0.01449811; -0.00356749; -0.00685577; -0.01166780;  0.00286645
  0.00114284;  0.00221795;  0.01129829;  0.00080283;  0.01738468;  0.01349728; -0.00204254;  0.00085043;  0.02665573;  0.00493986;  0.00379702
  0.00880092;  0.01985924;  0.01081588;  0.01571043;  0.01279337;  0.00074199;  0.01730059;  0.01868617;  0.02154569;  0.04244254;  0.03364162
 -0.01802414; -0.02808119; -0.01645220; -0.02009955; -0.01933191; -0.01945452; -0.01519991; -0.01513312;  0.00372800; -0.00272833;  0.01529581
  0.01949077;  0.00177963; -0.01312505;  0.00994065;  0.01821122;  0.01131125;  0.03521919;  0.02740424;  0.00932103;  0.02871420;  0.00922343
 -0.07035738; -0.04781217; -0.06715292; -0.06552308; -0.05214403; -0.05164373; -0.05497504; -0.07291916; -0.06940366; -0.06875894;  0.00159844
 -0.06338417; -0.03844453; -0.02436303; -0.01860528; -0.02120029; -0.02076277; -0.01230631; -0.04701293; -0.03590131; -0.05799069;  0.00539347
  0.08512475;  0.08668784;  0.08134497;  0.08439619;  0.07977812;  0.07529285;  0.07676867;  0.06414433;  0.08975263;  0.02358395; -0.06154080
  0.00082915;  0.00083430;  0.01015340;  0.00468538;  0.00571070;  0.00711058; -0.00157828;  0.00104915;  0.01637336;  0.03780071;  0.03697156
 -0.02840175; -0.02919661; -0.04573430; -0.04646642; -0.00909210; -0.00777395;  0.00751649; -0.02375541; -0.01532897; -0.03247611; -0.00407437
 -0.07770735; -0.05902821; -0.05099493; -0.06085665; -0.06834020; -0.04245014; -0.03922391; -0.03888220; -0.08258358; -0.12299870; -0.04529135
  0.01708945;  0.01128044;  0.01425026; -0.00743277; -0.00692825; -0.00779368; -0.00366620;  0.00742463;  0.00397927; -0.00982630; -0.02691575
  0.09593905;  0.07408523;  0.06709509;  0.07343531;  0.07557698;  0.05518510;  0.07530610;  0.06120875;  0.07246408;  0.07794739; -0.01799166
  0.00380173; -0.00764632;  0.01409652;  0.01083302;  0.02966840;  0.01754704; -0.02866366;  0.02850257;  0.00223081;  0.02296109;  0.01915936
  0.03434239;  0.01538784;  0.01239782;  0.01605839;  0.00699962;  0.01637873;  0.03524718;  0.02010372;  0.01224901;  0.02531465; -0.00902774
 -0.01562827; -0.00482204;  0.00716912; -0.01513673; -0.00755511;  0.00976980; -0.00011378;  0.02854207; -0.01294832;  0.00449595;  0.02012421
  0.06851979;  0.03641018;  0.03550826;  0.03269281;  0.03725425;  0.02404119;  0.03917419;  0.03282843;  0.05428844;  0.05560986; -0.01290993
 -0.00319387;  0.00312128;  0.00218447;  0.02353327;  0.00563215;  0.00497456;  0.00611024; -0.01589165; -0.00692270;  0.00273989;  0.00593376
  0.00659171; -0.00982463; -0.00310122; -0.01403998; -0.00112931; -0.01555537;  0.01429956;  0.01384177;  0.01635305;  0.03263129;  0.02603958
 -0.04332723; -0.01350562; -0.01866838; -0.00043994; -0.01288601; -0.01670576; -0.00904530; -0.03666410; -0.03605417; -0.05600679; -0.01267956
  0.06603149;  0.05275348;  0.05228713;  0.07554842;  0.05808361;  0.04541129;  0.03277207;  0.03206750;  0.04306138;  0.08707613;  0.02104464
  0.02650632;  0.01027300;  0.00523610;  0.03041029;  0.01656447;  0.02258290;  0.02962994;  0.02595497;  0.00914428;  0.00033247; -0.02617386
  0.03341219;  0.02258147;  0.02598282;  0.01865426;  0.00818726;  0.01748311;  0.00668218;  0.01927866;  0.00252436;  0.03999998;  0.00658779
  0.04086221;  0.03894861;  0.05943383;  0.03102471;  0.04096803;  0.03089773;  0.04013745;  0.03002788;  0.03596463; -0.00813844; -0.04900065
  0.02660207;  0.00467638;  0.01129189;  0.00064296; -0.00266025;  0.00299640; -0.00761388; -0.01185567; -0.00719206; -0.01071202; -0.03731409
  0.01770067;  0.00955543;  0.01434419;  0.00949172;  0.00285558;  0.00681092;  0.00161712;  0.01620990;  0.02459811; -0.00013321; -0.01783388
  0.01933607;  0.02050739;  0.01880933;  0.01371111;  0.02057891;  0.00428629;  0.01169405;  0.00009030; -0.02406078; -0.00719533; -0.02653141
 -0.00220087;  0.00303376;  0.00045200;  0.00456312;  0.02491970;  0.00779427;  0.00939324;  0.01501247;  0.02045419;  0.00451335;  0.00671422
  0.01999292;  0.01832655;  0.01592211;  0.01586251;  0.02307834;  0.02167108; -0.00334052;  0.02079872;  0.02509487;  0.03199340;  0.01200047
  0.01565773;  0.00093205;  0.03092500;  0.00094972; -0.00579145; -0.01191238;  0.00058110; -0.00473351;  0.00409685; -0.00802996; -0.02368769
  0.04204950;  0.02956403;  0.01640322;  0.01813263;  0.02565055;  0.02780988;  0.01846339;  0.04171571;  0.02796238;  0.03907455; -0.00297494
  0.03267532;  0.04186540;  0.06015584;  0.01824651;  0.00696784;  0.03176589;  0.00927744; -0.00856361; -0.01401780; -0.00517557; -0.03785089
  0.02182230;  0.05545990;  0.03493225;  0.03170083;  0.03110818;  0.03619827;  0.04387769;  0.02292516;  0.02988903;  0.02831122;  0.00648892
  0.00672331;  0.00505863;  0.00478180;  0.01456643;  0.01161004;  0.01681605; -0.00052571;  0.01030504;  0.01198907;  0.04589044;  0.03916713
  0.08119445;  0.05186863;  0.05007212;  0.03805932;  0.04533703;  0.03828812;  0.05103522;  0.05598061;  0.07344486;  0.06693282; -0.01426162
 -0.06492560; -0.03957847; -0.00262577; -0.04944839; -0.04690588; -0.04794721; -0.04939189; -0.02917589; -0.03024782; -0.04179126;  0.02313434
 -0.01448865; -0.01796516; -0.02654795; -0.02155496; -0.03585495; -0.01273429; -0.02031215;  0.00174096; -0.00305412; -0.01239775;  0.00209090
 -0.02123403;  0.00821676; -0.00349703; -0.00289916; -0.00774945;  0.01376585;  0.01999774;  0.00634679;  0.00393337;  0.00989377;  0.03112780
  0.01737367;  0.02359786;  0.05470722;  0.00414105;  0.02064773;  0.01505958;  0.01546881;  0.03188628;  0.03001396;  0.05568202;  0.03830835
  0.00338074;  0.01110253; -0.01179312;  0.00532283;  0.00980679;  0.00467589;  0.00114965;  0.01853065;  0.00901360; -0.00025851; -0.00363925
  0.02413659;  0.01869775;  0.04658788;  0.04504389;  0.03887769;  0.02937297;  0.03679622;  0.01530006;  0.03290803;  0.02275275; -0.00138384
  0.05598247;  0.04420342;  0.07439709;  0.02498548;  0.01529309;  0.02018453;  0.00778562;  0.02686129;  0.03187369;  0.03140026; -0.02458220
 -0.01117905; -0.00047187;  0.00170465;  0.00364108; -0.00449110; -0.00357606;  0.01544104;  0.01366942;  0.03394224; -0.00714023;  0.00403882
 -0.09801753; -0.10692884; -0.05480899; -0.02571385; -0.03775457; -0.06262408; -0.07426737; -0.09919156; -0.11051410; -0.10949546; -0.01147793
 -0.02991545;  0.00436653; -0.02207115;  0.04554962;  0.02144946;  0.03449988;  0.02976949;  0.01156591;  0.04490298;  0.00210077;  0.03201622
 -0.09641734; -0.08504845; -0.09381000; -0.07554523; -0.10625481; -0.10490944; -0.09986564; -0.09368829; -0.08516164; -0.10076043; -0.00434309
  0.09893626;  0.11411044;  0.07241549;  0.07684797;  0.06093459;  0.07272697;  0.10425773;  0.07780645;  0.11080858;  0.13532819;  0.03639193
  0.04399905;  0.04099785;  0.03497507;  0.04732794;  0.02912192;  0.04290615;  0.03506679;  0.05460247;  0.03361254;  0.03732347; -0.00667559
  0.00722446; -0.01737675;  0.02257724; -0.00118151;  0.00074180;  0.02076349;  0.01890108;  0.01433058;  0.00547868;  0.00238136; -0.00484310
  0.03709141;  0.02588232;  0.04358343;  0.04002724;  0.03230864;  0.06748777;  0.05685850;  0.01679523;  0.04759932;  0.00991421; -0.02717720
 -0.06958150; -0.06453530; -0.08669599; -0.05889381; -0.05379615; -0.05722951; -0.05286702; -0.07120611; -0.06371922; -0.08214243; -0.01256093
  0.09929568;  0.08305100;  0.08829241;  0.06223206;  0.06909175;  0.07525718;  0.06568599;  0.07297527;  0.07654642;  0.07558299; -0.02371270
 -0.00402005;  0.04022591;  0.03183847;  0.00941526;  0.01356038;  0.01366407;  0.01610958;  0.00142518;  0.00150369; -0.01385769; -0.00983764
 -0.02865075; -0.03561833; -0.03526812; -0.02027476; -0.00921565; -0.00047595; -0.01294020; -0.03230103; -0.03639233; -0.04343582; -0.01478507
  0.02236489;  0.01513938;  0.04353362;  0.03549255;  0.02291416;  0.01365966; -0.00107176;  0.02124549;  0.00505986; -0.01658668; -0.03895158
  0.02261515;  0.01081123;  0.05859227;  0.00417676;  0.01817611;  0.02070939;  0.02400085;  0.00909931;  0.01752961;  0.02091598; -0.00169917
  0.04700091;  0.06033811;  0.05294876;  0.03139896;  0.02843915;  0.04350610;  0.03098083;  0.02776550;  0.05919724;  0.05898985;  0.01198894
  0.02402507;  0.01598687;  0.05051410;  0.02125285;  0.02370644;  0.02953993;  0.03094450;  0.02812532;  0.03065701;  0.02431999;  0.00029492
 -0.03300590; -0.02942155; -0.02761829; -0.00023513;  0.01229330;  0.00913967; -0.01242909; -0.01030889;  0.01316512; -0.03788392; -0.00487802
 -0.06622150; -0.05723964; -0.10017628; -0.09664318; -0.08235332; -0.06744575; -0.08949469; -0.09223355; -0.07468645; -0.04430391;  0.02191760
 -0.07931124; -0.11911287; -0.17183695; -0.12150008; -0.13775471; -0.10852559; -0.14734710; -0.16254993; -0.15746188; -0.22639956; -0.14708832
  0.08688270;  0.15139542;  0.14256712;  0.12931829;  0.11426455;  0.10749237;  0.13249051;  0.13165525;  0.14868199;  0.21841844;  0.13153574
  0.05013295;  0.07405469;  0.03691440;  0.05609885;  0.03916057;  0.05586743;  0.05624741;  0.04914288;  0.06110343;  0.10730561;  0.05717267
 -0.00623898;  0.01914664; -0.03002331;  0.03310586; -0.00211420;  0.05897246;  0.00841274;  0.00229829;  0.01587051;  0.05593714;  0.06217612
  0.06707235;  0.05791316;  0.06038717;  0.07065626;  0.06543098;  0.01718805;  0.05789605;  0.03879107;  0.04912604;  0.05504511; -0.01202724
  0.03889190;  0.06288260;  0.03470009;  0.10509788;  0.08440682;  0.06903255;  0.06316304;  0.05386342;  0.10097279;  0.07365533;  0.03476342
 -0.01692842; -0.00690097; -0.02677247; -0.05776776; -0.02441415; -0.03892046; -0.02748647; -0.02828625; -0.04577418; -0.02888270; -0.01195429
 -0.00492697; -0.00613796; -0.00391717; -0.03219842; -0.03720359; -0.02742872; -0.00441134; -0.03474548; -0.04412788;  0.03370621;  0.03863318
  0.14197419;  0.10910300;  0.14064710;  0.11327757;  0.13454565;  0.10176811;  0.13251258;  0.12286251;  0.11934179;  0.19057265;  0.04859846
  0.01295045;  0.04620495;  0.04545600;  0.05997173;  0.05527439;  0.03668030;  0.04876813;  0.04669855;  0.04244056;  0.07414969;  0.06119924